lead_id,hubspot_id,hubspot_name,archived,confidence,rule,name_similarity,evidence,conflicts,hubspot_values
L0000001,346367197921,Hair Code Salon,False,55,phone_only,1.0,"[{""code"": ""EXACT_NAME"", ""field"": ""name"", ""prospect"": ""hair code salon"", ""hubspot"": ""hair code salon""}, {""code"": ""EXACT_PHONE"", ""field"": ""phone"", ""prospect"": ""+13478630456"", ""hubspot"": ""+13478630456""}]",[],"{""address"": null, ""address2"": null, ""city"": null, ""country"": null, ""createdate"": ""2026-09-12T22:54:43.432Z"", ""domain"": null, ""hs_additional_domains"": null, ""hs_lastmodifieddate"": ""2026-09-12T22:54:48.724Z"", ""hs_object_id"": ""346367197921"", ""name"": ""Hair Code Salon"", ""phone"": ""347-863-0456"", ""state"": null, ""website"": null, ""zip"": null}"
L0000002,346290622191,Educe Salon,False,95,domain_phone_name,1.0,"[{""code"": ""EXACT_NAME"", ""field"": ""name"", ""prospect"": ""educe salon"", ""hubspot"": ""educe salon""}, {""code"": ""EXACT_BUSINESS_DOMAIN"", ""field"": ""domain"", ""prospect"": [""educesalon.com"", ""phorest.com""], ""hubspot"": [""educesalon.com""]}, {""code"": ""EXACT_PHONE"", ""field"": ""phone"", ""prospect"": ""+14074402840"", ""hubspot"": ""+14074402840""}]",[],"{""address"": null, ""address2"": null, ""city"": ""Orlando"", ""country"": null, ""createdate"": ""2026-09-12T22:50:21.947Z"", ""domain"": ""educesalon.com"", ""hs_additional_domains"": null, ""hs_lastmodifieddate"": ""2026-09-12T22:55:50.239Z"", ""hs_object_id"": ""346290622191"", ""name"": ""Educe Salon"", ""phone"": ""+1 407-440-2840"", ""state"": null, ""website"": ""https://www.educesalon.com/"", ""zip"": null}"
L0000006,346303052520,Atelier Hair Salon Orlando,False,95,domain_phone_name,1.0,"[{""code"": ""EXACT_NAME"", ""field"": ""name"", ""prospect"": ""atelier hair salon orlando"", ""hubspot"": ""atelier hair salon orlando""}, {""code"": ""EXACT_BUSINESS_DOMAIN"", ""field"": ""domain"", ""prospect"": [""atelierhairsalon.com""], ""hubspot"": [""atelierhairsalon.com""]}, {""code"": ""EXACT_PHONE"", ""field"": ""phone"", ""prospect"": ""+14075839282"", ""hubspot"": ""+14075839282""}]",[],"{""address"": null, ""address2"": null, ""city"": ""Orlando"", ""country"": null, ""createdate"": ""2026-09-12T22:50:23.070Z"", ""domain"": ""atelierhairsalon.com"", ""hs_additional_domains"": null, ""hs_lastmodifieddate"": ""2026-09-12T22:50:27.235Z"", ""hs_object_id"": ""346303052520"", ""name"": ""Atelier Hair Salon Orlando"", ""phone"": ""+1 407-583-9282"", ""state"": null, ""website"": ""https://www.atelierhairsalon.com/"", ""zip"": null}"
L0000007,342025333453,Instagram,False,0,NO_CREDIBLE_MATCH,0.16,"[{""code"": ""SHARED_DOMAIN"", ""field"": ""domain"", ""prospect"": [""instagram.com""], ""hubspot"": [""instagram.com""]}]",[],"{""address"": null, ""address2"": null, ""city"": null, ""country"": null, ""createdate"": ""2026-08-25T19:09:21.578Z"", ""domain"": ""instagram.com"", ""hs_additional_domains"": null, ""hs_lastmodifieddate"": ""2026-09-01T12:05:10.100Z"", ""hs_object_id"": ""342025333453"", ""name"": ""Instagram"", ""phone"": null, ""state"": null, ""website"": ""instagram.com"", ""zip"": null}"
L0000007,346264440506,Edro's Salon,False,0,NO_CREDIBLE_MATCH,0.5714,"[{""code"": ""SHARED_DOMAIN"", ""field"": ""domain"", ""prospect"": [""instagram.com""], ""hubspot"": [""instagram.com""]}, {""code"": ""PHONE_DIFFERS"", ""field"": ""phone"", ""prospect"": ""+13219721852"", ""hubspot"": ""+14073512413""}]",[],"{""address"": null, ""address2"": null, ""city"": ""Orlando"", ""country"": null, ""createdate"": ""2026-09-12T22:50:39.418Z"", ""domain"": ""instagram.com"", ""hs_additional_domains"": null, ""hs_lastmodifieddate"": ""2026-09-12T22:50:55.877Z"", ""hs_object_id"": ""346264440506"", ""name"": ""Edro's Salon"", ""phone"": ""+1 407-351-2413"", ""state"": null, ""website"": ""http://instagram.com/edros.salon"", ""zip"": null}"
L0000007,346292388564,Patty Serna Hair Salon,False,0,NO_CREDIBLE_MATCH,0.7368,"[{""code"": ""SHARED_DOMAIN"", ""field"": ""domain"", ""prospect"": [""instagram.com""], ""hubspot"": [""instagram.com""]}, {""code"": ""PHONE_DIFFERS"", ""field"": ""phone"", ""prospect"": ""+13219721852"", ""hubspot"": ""+14073047654""}]","[""POSSIBLE_RELATED_LOCATION""]","{""address"": null, ""address2"": null, ""city"": ""Altamonte Springs"", ""country"": null, ""createdate"": ""2026-09-12T22:50:09.550Z"", ""domain"": ""instagram.com"", ""hs_additional_domains"": null, ""hs_lastmodifieddate"": ""2026-09-12T22:50:15.027Z"", ""hs_object_id"": ""346292388564"", ""name"": ""Patty Serna Hair Salon"", ""phone"": ""+1 407-304-7654"", ""state"": null, ""website"": ""https://www.instagram.com/pattysernabeautysalon/"", ""zip"": null}"
L0000007,346299462385,Hair Galleria,False,0,NO_CREDIBLE_MATCH,0.4828,"[{""code"": ""SHARED_DOMAIN"", ""field"": ""domain"", ""prospect"": [""instagram.com""], ""hubspot"": [""instagram.com""]}, {""code"": ""PHONE_DIFFERS"", ""field"": ""phone"", ""prospect"": ""+13219721852"", ""hubspot"": ""+14072370319""}]",[],"{""address"": null, ""address2"": null, ""city"": ""Orlando"", ""country"": null, ""createdate"": ""2026-09-12T22:50:22.154Z"", ""domain"": ""instagram.com"", ""hs_additional_domains"": null, ""hs_lastmodifieddate"": ""2026-09-12T22:50:25.314Z"", ""hs_object_id"": ""346299462385"", ""name"": ""Hair Galleria"", ""phone"": ""+1 407-237-0319"", ""state"": null, ""website"": ""https://www.instagram.com/hairgalleria_orlando/"", ""zip"": null}"
L0000007,346433476320,444 Barber Studios,False,0,NO_CREDIBLE_MATCH,0.3529,"[{""code"": ""SHARED_DOMAIN"", ""field"": ""domain"", ""prospect"": [""instagram.com""], ""hubspot"": [""instagram.com""]}, {""code"": ""PHONE_DIFFERS"", ""field"": ""phone"", ""prospect"": ""+13219721852"", ""hubspot"": ""+14075428111""}]","[""POSSIBLE_RELATED_LOCATION""]","{""address"": null, ""address2"": null, ""city"": ""Oviedo"", ""country"": null, ""createdate"": ""2026-09-12T22:50:58.173Z"", ""domain"": ""instagram.com"", ""hs_additional_domains"": null, ""hs_lastmodifieddate"": ""2026-09-12T22:51:14.469Z"", ""hs_object_id"": ""346433476320"", ""name"": ""444 Barber Studios"", ""phone"": ""+1 407-542-8111"", ""state"": null, ""website"": ""https://www.instagram.com/444barberstudios%3Figsh%3DMWZsYmg1cXR3emMzag%253D%253D%26utm_source%3Dqr"", ""zip"": null}"
L0000008,346367196903,Dulce e Luce beauty salon,False,95,domain_phone_name,1.0,"[{""code"": ""EXACT_NAME"", ""field"": ""name"", ""prospect"": ""dulce e luce beauty salon"", ""hubspot"": ""dulce e luce beauty salon""}, {""code"": ""EXACT_BUSINESS_DOMAIN"", ""field"": ""domain"", ""prospect"": [""dolceelucesalon.com"", ""vagaro.com""], ""hubspot"": [""dolceelucesalon.com""]}, {""code"": ""EXACT_PHONE"", ""field"": ""phone"", ""prospect"": ""+14074517828"", ""hubspot"": ""+14074517828""}]",[],"{""address"": null, ""address2"": null, ""city"": ""Orlando"", ""country"": null, ""createdate"": ""2026-09-12T22:50:38.590Z"", ""domain"": ""dolceelucesalon.com"", ""hs_additional_domains"": null, ""hs_lastmodifieddate"": ""2026-09-12T22:50:55.420Z"", ""hs_object_id"": ""346367196903"", ""name"": ""Dulce e Luce beauty salon"", ""phone"": ""+1 407-451-7828"", ""state"": null, ""website"": ""https://dolceelucesalon.com/"", ""zip"": null}"
L0000009,346376133313,Theory Salons,False,95,domain_phone_name,1.0,"[{""code"": ""EXACT_NAME"", ""field"": ""name"", ""prospect"": ""theory salons"", ""hubspot"": ""theory salons""}, {""code"": ""EXACT_BUSINESS_DOMAIN"", ""field"": ""domain"", ""prospect"": [""theorysalons.com"", ""theorysalons.myonlineappointment.com""], ""hubspot"": [""theorysalons.com""]}, {""code"": ""EXACT_PHONE"", ""field"": ""phone"", ""prospect"": ""+14072194345"", ""hubspot"": ""+14072194345""}]",[],"{""address"": null, ""address2"": null, ""city"": ""Orlando"", ""country"": null, ""createdate"": ""2026-09-12T22:50:11.101Z"", ""domain"": ""theorysalons.com"", ""hs_additional_domains"": null, ""hs_lastmodifieddate"": ""2026-09-12T22:55:50.532Z"", ""hs_object_id"": ""346376133313"", ""name"": ""Theory Salons"", ""phone"": ""+1 407-219-4345"", ""state"": null, ""website"": ""http://www.theorysalons.com/"", ""zip"": null}"
L0000011,346264440512,SALON AMOURA,False,95,domain_phone_name,1.0,"[{""code"": ""EXACT_NAME"", ""field"": ""name"", ""prospect"": ""salon amoura"", ""hubspot"": ""salon amoura""}, {""code"": ""EXACT_BUSINESS_DOMAIN"", ""field"": ""domain"", ""prospect"": [""salonamoura.com""], ""hubspot"": [""salonamoura.com""]}, {""code"": ""EXACT_PHONE"", ""field"": ""phone"", ""prospect"": ""+14073059218"", ""hubspot"": ""+14073059218""}]",[],"{""address"": null, ""address2"": null, ""city"": ""Orlando"", ""country"": null, ""createdate"": ""2026-09-12T22:51:06.817Z"", ""domain"": ""salonamoura.com"", ""hs_additional_domains"": null, ""hs_lastmodifieddate"": ""2026-09-12T22:51:24.868Z"", ""hs_object_id"": ""346264440512"", ""name"": ""SALON AMOURA"", ""phone"": ""+1 407-305-9218"", ""state"": null, ""website"": ""http://www.salonamoura.com/"", ""zip"": null}"
L0000012,346292388567,dolce vita salon - winter park,False,55,shared_identifier,0.7308,"[{""code"": ""SHARED_DOMAIN"", ""field"": ""domain"", ""prospect"": [""dashboard.boulevard.io"", ""dolcevitasalons.com""], ""hubspot"": [""dolcevitasalons.com""]}, {""code"": ""PHONE_DIFFERS"", ""field"": ""phone"", ""prospect"": ""+14076501811"", ""hubspot"": ""+14073743333""}]","[""POSSIBLE_RELATED_LOCATION""]","{""address"": null, ""address2"": null, ""city"": ""Winter Park"", ""country"": null, ""createdate"": ""2026-09-12T22:50:38.884Z"", ""domain"": ""dolcevitasalons.com"", ""hs_additional_domains"": null, ""hs_lastmodifieddate"": ""2026-09-12T22:50:56.512Z"", ""hs_object_id"": ""346292388567"", ""name"": ""dolce vita salon - winter park"", ""phone"": ""+1 407-374-3333"", ""state"": null, ""website"": ""https://dolcevitasalons.com/"", ""zip"": null}"
L0000012,346306565848,dolce vita salon - orlando,False,55,shared_identifier,1.0,"[{""code"": ""EXACT_NAME"", ""field"": ""name"", ""prospect"": ""dolce vita salon orlando"", ""hubspot"": ""dolce vita salon orlando""}, {""code"": ""SHARED_DOMAIN"", ""field"": ""domain"", ""prospect"": [""dashboard.boulevard.io"", ""dolcevitasalons.com""], ""hubspot"": [""dolcevitasalons.com""]}, {""code"": ""EXACT_PHONE"", ""field"": ""phone"", ""prospect"": ""+14076501811"", ""hubspot"": ""+14076501811""}]",[],"{""address"": null, ""address2"": null, ""city"": ""Orlando"", ""country"": null, ""createdate"": ""2026-09-12T22:50:31.140Z"", ""domain"": ""dolcevitasalons.com"", ""hs_additional_domains"": null, ""hs_lastmodifieddate"": ""2026-09-12T22:50:47.090Z"", ""hs_object_id"": ""346306565848"", ""name"": ""dolce vita salon - orlando"", ""phone"": ""+1 407-650-1811"", ""state"": null, ""website"": ""https://dolcevitasalons.com/"", ""zip"": null}"
L0000013,346333399783,Beauty & The Balayage,False,95,domain_phone_name,1.0,"[{""code"": ""EXACT_NAME"", ""field"": ""name"", ""prospect"": ""beauty the balayage"", ""hubspot"": ""beauty the balayage""}, {""code"": ""EXACT_BUSINESS_DOMAIN"", ""field"": ""domain"", ""prospect"": [""beautyandthebalayage.com""], ""hubspot"": [""beautyandthebalayage.com""]}, {""code"": ""EXACT_PHONE"", ""field"": ""phone"", ""prospect"": ""+13213644992"", ""hubspot"": ""+13213644992""}]",[],"{""address"": null, ""address2"": null, ""city"": ""Orlando"", ""country"": null, ""createdate"": ""2026-09-12T22:50:30.451Z"", ""domain"": ""beautyandthebalayage.com"", ""hs_additional_domains"": null, ""hs_lastmodifieddate"": ""2026-09-12T22:50:37.091Z"", ""hs_object_id"": ""346333399783"", ""name"": ""Beauty & The Balayage"", ""phone"": ""+1 321-364-4992"", ""state"": null, ""website"": ""https://beautyandthebalayage.com/"", ""zip"": null}"
L0000015,346306565842,Hair Salon Armandeus Orlando Walk-ins are Welcome,False,95,domain_phone_name,1.0,"[{""code"": ""EXACT_NAME"", ""field"": ""name"", ""prospect"": ""hair salon armandeus orlando walk ins are welcome"", ""hubspot"": ""hair salon armandeus orlando walk ins are welcome""}, {""code"": ""EXACT_BUSINESS_DOMAIN"", ""field"": ""domain"", ""prospect"": [""armandeusorlando.com""], ""hubspot"": [""armandeusorlando.com""]}, {""code"": ""EXACT_PHONE"", ""field"": ""phone"", ""prospect"": ""+14077784769"", ""hubspot"": ""+14077784769""}]",[],"{""address"": null, ""address2"": null, ""city"": ""Orlando"", ""country"": null, ""createdate"": ""2026-09-12T22:50:10.540Z"", ""domain"": ""armandeusorlando.com"", ""hs_additional_domains"": null, ""hs_lastmodifieddate"": ""2026-09-12T22:50:14.718Z"", ""hs_object_id"": ""346306565842"", ""name"": ""Hair Salon Armandeus Orlando Walk-ins are Welcome"", ""phone"": ""+1 407-778-4769"", ""state"": null, ""website"": ""https://www.armandeusorlando.com/"", ""zip"": null}"
L0000018,346201961191,The Red Scarlet Salon,False,55,shared_identifier,1.0,"[{""code"": ""EXACT_NAME"", ""field"": ""name"", ""prospect"": ""the red scarlet salon"", ""hubspot"": ""the red scarlet salon""}, {""code"": ""SHARED_DOMAIN"", ""field"": ""domain"", ""prospect"": [""mysite.vagaro.com"", ""vagaro.com""], ""hubspot"": [""mysite.vagaro.com""]}, {""code"": ""EXACT_PHONE"", ""field"": ""phone"", ""prospect"": ""+14072465488"", ""hubspot"": ""+14072465488""}, {""code"": ""SAME_URL_PATH"", ""field"": ""website"", ""prospect"": [""https://mysite.vagaro.com/theredscarletsalon%3Ffbclid%3DPAZXh0bgNhZW0CMTEAAaZS-aMH1fXezdlIQHTexP5iuNsJuoFUpEuYBjjR-QtUFIKJIfg8zDkMcWk_aem_kQAjhFjw9JFyHGWvrqZSbw""], ""hubspot"": [""https://mysite.vagaro.com/theredscarletsalon%3Ffbclid%3DPAZXh0bgNhZW0CMTEAAaZS-aMH1fXezdlIQHTexP5iuNsJuoFUpEuYBjjR-QtUFIKJIfg8zDkMcWk_aem_kQAjhFjw9JFyHGWvrqZSbw""]}]",[],"{""address"": null, ""address2"": null, ""city"": ""Orlando"", ""country"": null, ""createdate"": ""2026-09-12T22:50:47.334Z"", ""domain"": ""mysite.vagaro.com"", ""hs_additional_domains"": null, ""hs_lastmodifieddate"": ""2026-09-12T22:51:03.774Z"", ""hs_object_id"": ""346201961191"", ""name"": ""The Red Scarlet Salon"", ""phone"": ""+1 407-246-5488"", ""state"": null, ""website"": ""https://mysite.vagaro.com/theredscarletsalon%3Ffbclid%3DPAZXh0bgNhZW0CMTEAAaZS-aMH1fXezdlIQHTexP5iuNsJuoFUpEuYBjjR-QtUFIKJIfg8zDkMcWk_aem_kQAjhFjw9JFyHGWvrqZSbw"", ""zip"": null}"
L0000023,346367197916,Authentic Styles Salon & African Braid,False,40,fuzzy_only,1.0,"[{""code"": ""EXACT_NAME"", ""field"": ""name"", ""prospect"": ""authentic styles salon african braid"", ""hubspot"": ""authentic styles salon african braid""}]",[],"{""address"": null, ""address2"": null, ""city"": null, ""country"": null, ""createdate"": ""2026-09-12T22:54:22.003Z"", ""domain"": null, ""hs_additional_domains"": null, ""hs_lastmodifieddate"": ""2026-09-12T22:54:25.712Z"", ""hs_object_id"": ""346367197916"", ""name"": ""Authentic Styles Salon & African Braid"", ""phone"": null, ""state"": null, ""website"": null, ""zip"": null}"
L0000024,346290623162,HaileyHollandHair Salon | Orlando,False,95,domain_phone_name,1.0,"[{""code"": ""EXACT_NAME"", ""field"": ""name"", ""prospect"": ""haileyhollandhair salon orlando"", ""hubspot"": ""haileyhollandhair salon orlando""}, {""code"": ""EXACT_BUSINESS_DOMAIN"", ""field"": ""domain"", ""prospect"": [""app.squareup.com"", ""haileyhollandhairsalon.com""], ""hubspot"": [""haileyhollandhairsalon.com""]}, {""code"": ""EXACT_PHONE"", ""field"": ""phone"", ""prospect"": ""+13212616433"", ""hubspot"": ""+13212616433""}]",[],"{""address"": null, ""address2"": null, ""city"": ""Orlando"", ""country"": null, ""createdate"": ""2026-09-12T22:50:48.389Z"", ""domain"": ""haileyhollandhairsalon.com"", ""hs_additional_domains"": null, ""hs_lastmodifieddate"": ""2026-09-12T22:51:03.958Z"", ""hs_object_id"": ""346290623162"", ""name"": ""HaileyHollandHair Salon | Orlando"", ""phone"": ""+1 321-261-6433"", ""state"": null, ""website"": ""http://www.haileyhollandhairsalon.com/"", ""zip"": null}"
L0000030,346322659019,Fior Salon,False,55,phone_only,1.0,"[{""code"": ""EXACT_NAME"", ""field"": ""name"", ""prospect"": ""fior salon"", ""hubspot"": ""fior salon""}, {""code"": ""EXACT_PHONE"", ""field"": ""phone"", ""prospect"": ""+13218042588"", ""hubspot"": ""+13218042588""}]",[],"{""address"": null, ""address2"": null, ""city"": null, ""country"": null, ""createdate"": ""2026-09-12T22:54:43.118Z"", ""domain"": null, ""hs_additional_domains"": null, ""hs_lastmodifieddate"": ""2026-09-12T22:54:48.723Z"", ""hs_object_id"": ""346322659019"", ""name"": ""Fior Salon"", ""phone"": ""321-804-2588"", ""state"": null, ""website"": null, ""zip"": null}"
L0000031,346447478463,Enyermy studio pro Orlando,False,55,shared_identifier,0.0938,"[{""code"": ""SHARED_DOMAIN"", ""field"": ""domain"", ""prospect"": [""book.squareup.com""], ""hubspot"": [""book.squareup.com""]}, {""code"": ""PHONE_DIFFERS"", ""field"": ""phone"", ""prospect"": ""+14078008770"", ""hubspot"": ""+17278779107""}]",[],"{""address"": null, ""address2"": null, ""city"": ""Orlando"", ""country"": null, ""createdate"": ""2026-09-12T22:50:57.416Z"", ""domain"": ""book.squareup.com"", ""hs_additional_domains"": null, ""hs_lastmodifieddate"": ""2026-09-12T22:51:14.082Z"", ""hs_object_id"": ""346447478463"", ""name"": ""Enyermy studio pro Orlando"", ""phone"": ""+1 727-877-9107"", ""state"": null, ""website"": ""https://book.squareup.com/appointments/vj0fsnz60g8n1d/location/L1C7496RDCGTG/services"", ""zip"": null}"
L0000031,346449262300,Enyermy Studio Pro Waterford Lakes,False,55,shared_identifier,0.1944,"[{""code"": ""SHARED_DOMAIN"", ""field"": ""domain"", ""prospect"": [""book.squareup.com""], ""hubspot"": [""book.squareup.com""]}, {""code"": ""PHONE_DIFFERS"", ""field"": ""phone"", ""prospect"": ""+14078008770"", ""hubspot"": ""+17278779107""}]",[],"{""address"": null, ""address2"": null, ""city"": ""Orlando"", ""country"": null, ""createdate"": ""2026-09-12T22:50:48.245Z"", ""domain"": ""book.squareup.com"", ""hs_additional_domains"": null, ""hs_lastmodifieddate"": ""2026-09-12T22:51:04.530Z"", ""hs_object_id"": ""346449262300"", ""name"": ""Enyermy Studio Pro Waterford Lakes"", ""phone"": ""+1 727-877-9107"", ""state"": null, ""website"": ""https://book.squareup.com/appointments/8thjvgf0dvy73t/location/L57WNWAWEV0DT/services"", ""zip"": null}"
L0000032,346290623166,Bonne Vie Salon,False,95,domain_phone_name,1.0,"[{""code"": ""EXACT_NAME"", ""field"": ""name"", ""prospect"": ""bonne vie salon"", ""hubspot"": ""bonne vie salon""}, {""code"": ""EXACT_BUSINESS_DOMAIN"", ""field"": ""domain"", ""prospect"": [""bonneviesalon.com""], ""hubspot"": [""bonneviesalon.com""]}, {""code"": ""EXACT_PHONE"", ""field"": ""phone"", ""prospect"": ""+14078752525"", ""hubspot"": ""+14078752525""}]",[],"{""address"": null, ""address2"": null, ""city"": ""Winter Park"", ""country"": null, ""createdate"": ""2026-09-12T22:51:14.154Z"", ""domain"": ""bonneviesalon.com"", ""hs_additional_domains"": null, ""hs_lastmodifieddate"": ""2026-09-12T22:51:29.870Z"", ""hs_object_id"": ""346290623166"", ""name"": ""Bonne Vie Salon"", ""phone"": ""+1 407-875-2525"", ""state"": null, ""website"": ""https://www.bonneviesalon.com/"", ""zip"": null}"
L0000034,346303052531,Hair In Motion of New York - MetroWest,False,0,NO_CREDIBLE_MATCH,0.3103,"[{""code"": ""SHARED_DOMAIN"", ""field"": ""domain"", ""prospect"": [""fresha.com"", ""spabarorlando.com""], ""hubspot"": [""fresha.com""]}, {""code"": ""PHONE_DIFFERS"", ""field"": ""phone"", ""prospect"": ""+14077515182"", ""hubspot"": ""+14077048300""}]",[],"{""address"": null, ""address2"": null, ""city"": ""Orlando"", ""country"": null, ""createdate"": ""2026-09-12T22:50:47.523Z"", ""domain"": ""fresha.com"", ""hs_additional_domains"": null, ""hs_lastmodifieddate"": ""2026-09-12T22:51:03.912Z"", ""hs_object_id"": ""346303052531"", ""name"": ""Hair In Motion of New York - MetroWest"", ""phone"": ""+1 407-704-8300"", ""state"": null, ""website"": ""https://www.fresha.com/providers/15354"", ""zip"": null}"
L0000036,346264440509,Will Wyatt Concept Salon,False,95,domain_phone_name,1.0,"[{""code"": ""EXACT_NAME"", ""field"": ""name"", ""prospect"": ""will wyatt concept salon"", ""hubspot"": ""will wyatt concept salon""}, {""code"": ""EXACT_BUSINESS_DOMAIN"", ""field"": ""domain"", ""prospect"": [""willwyattconcept.com""], ""hubspot"": [""willwyattconcept.com""]}, {""code"": ""EXACT_PHONE"", ""field"": ""phone"", ""prospect"": ""+14072576093"", ""hubspot"": ""+14072576093""}]",[],"{""address"": null, ""address2"": null, ""city"": ""Orlando"", ""country"": null, ""createdate"": ""2026-09-12T22:50:57.145Z"", ""domain"": ""willwyattconcept.com"", ""hs_additional_domains"": null, ""hs_lastmodifieddate"": ""2026-09-12T22:51:14.941Z"", ""hs_object_id"": ""346264440509"", ""name"": ""Will Wyatt Concept Salon"", ""phone"": ""+1 407-257-6093"", ""state"": null, ""website"": ""https://www.willwyattconcept.com/"", ""zip"": null}"
L0000038,346260793026,Salon Dulay - Dr. Phillips,False,55,shared_identifier,0.6154,"[{""code"": ""SHARED_DOMAIN"", ""field"": ""domain"", ""prospect"": [""booking.salondulay.com"", ""salondulay.com""], ""hubspot"": [""salondulay.com""]}, {""code"": ""PHONE_DIFFERS"", ""field"": ""phone"", ""prospect"": ""+14079855243"", ""hubspot"": ""+14074479898""}]",[],"{""address"": null, ""address2"": null, ""city"": ""Orlando"", ""country"": null, ""createdate"": ""2026-09-12T22:50:39.288Z"", ""domain"": ""salondulay.com"", ""hs_additional_domains"": null, ""hs_lastmodifieddate"": ""2026-09-12T22:50:55.863Z"", ""hs_object_id"": ""346260793026"", ""name"": ""Salon Dulay - Dr. Phillips"", ""phone"": ""+1 407-447-9898"", ""state"": null, ""website"": ""https://salondulay.com/orlando-doctor-phillips/"", ""zip"": null}"
L0000038,346367196907,Salon Dulay - Mills 50 District,False,55,shared_identifier,1.0,"[{""code"": ""EXACT_NAME"", ""field"": ""name"", ""prospect"": ""salon dulay mills 50 district"", ""hubspot"": ""salon dulay mills 50 district""}, {""code"": ""SHARED_DOMAIN"", ""field"": ""domain"", ""prospect"": [""booking.salondulay.com"", ""salondulay.com""], ""hubspot"": [""salondulay.com""]}, {""code"": ""EXACT_PHONE"", ""field"": ""phone"", ""prospect"": ""+14079855243"", ""hubspot"": ""+14079855243""}, {""code"": ""SAME_URL_PATH"", ""field"": ""website"", ""prospect"": [""https://salondulay.com/orlando""], ""hubspot"": [""https://salondulay.com/orlando""]}]",[],"{""address"": null, ""address2"": null, ""city"": ""Orlando"", ""country"": null, ""createdate"": ""2026-09-12T22:51:06.215Z"", ""domain"": ""salondulay.com"", ""hs_additional_domains"": null, ""hs_lastmodifieddate"": ""2026-09-12T22:55:50.454Z"", ""hs_object_id"": ""346367196907"", ""name"": ""Salon Dulay - Mills 50 District"", ""phone"": ""+1 407-985-5243"", ""state"": null, ""website"": ""https://salondulay.com/orlando/"", ""zip"": null}"
L0000039,346406574834,Spaulo Esthetic Salon,False,55,phone_only,1.0,"[{""code"": ""EXACT_NAME"", ""field"": ""name"", ""prospect"": ""spaulo esthetic salon"", ""hubspot"": ""spaulo esthetic salon""}, {""code"": ""EXACT_PHONE"", ""field"": ""phone"", ""prospect"": ""+14077292934"", ""hubspot"": ""+14077292934""}]",[],"{""address"": null, ""address2"": null, ""city"": null, ""country"": null, ""createdate"": ""2026-09-12T22:54:33.689Z"", ""domain"": null, ""hs_additional_domains"": null, ""hs_lastmodifieddate"": ""2026-09-12T22:54:38.472Z"", ""hs_object_id"": ""346406574834"", ""name"": ""Spaulo Esthetic Salon"", ""phone"": ""407-729-2934"", ""state"": null, ""website"": null, ""zip"": null}"
L0000043,342025333453,Instagram,False,0,NO_CREDIBLE_MATCH,0.2581,"[{""code"": ""SHARED_DOMAIN"", ""field"": ""domain"", ""prospect"": [""instagram.com""], ""hubspot"": [""instagram.com""]}]",[],"{""address"": null, ""address2"": null, ""city"": null, ""country"": null, ""createdate"": ""2026-08-25T19:09:21.578Z"", ""domain"": ""instagram.com"", ""hs_additional_domains"": null, ""hs_lastmodifieddate"": ""2026-09-01T12:05:10.100Z"", ""hs_object_id"": ""342025333453"", ""name"": ""Instagram"", ""phone"": null, ""state"": null, ""website"": ""instagram.com"", ""zip"": null}"
L0000043,346264440506,Edro's Salon,False,0,NO_CREDIBLE_MATCH,0.2353,"[{""code"": ""SHARED_DOMAIN"", ""field"": ""domain"", ""prospect"": [""instagram.com""], ""hubspot"": [""instagram.com""]}, {""code"": ""PHONE_DIFFERS"", ""field"": ""phone"", ""prospect"": ""+14078450177"", ""hubspot"": ""+14073512413""}]",[],"{""address"": null, ""address2"": null, ""city"": ""Orlando"", ""country"": null, ""createdate"": ""2026-09-12T22:50:39.418Z"", ""domain"": ""instagram.com"", ""hs_additional_domains"": null, ""hs_lastmodifieddate"": ""2026-09-12T22:50:55.877Z"", ""hs_object_id"": ""346264440506"", ""name"": ""Edro's Salon"", ""phone"": ""+1 407-351-2413"", ""state"": null, ""website"": ""http://instagram.com/edros.salon"", ""zip"": null}"
L0000043,346292388564,Patty Serna Hair Salon,False,0,NO_CREDIBLE_MATCH,0.4545,"[{""code"": ""SHARED_DOMAIN"", ""field"": ""domain"", ""prospect"": [""instagram.com""], ""hubspot"": [""instagram.com""]}, {""code"": ""PHONE_DIFFERS"", ""field"": ""phone"", ""prospect"": ""+14078450177"", ""hubspot"": ""+14073047654""}]","[""POSSIBLE_RELATED_LOCATION""]","{""address"": null, ""address2"": null, ""city"": ""Altamonte Springs"", ""country"": null, ""createdate"": ""2026-09-12T22:50:09.550Z"", ""domain"": ""instagram.com"", ""hs_additional_domains"": null, ""hs_lastmodifieddate"": ""2026-09-12T22:50:15.027Z"", ""hs_object_id"": ""346292388564"", ""name"": ""Patty Serna Hair Salon"", ""phone"": ""+1 407-304-7654"", ""state"": null, ""website"": ""https://www.instagram.com/pattysernabeautysalon/"", ""zip"": null}"
L0000043,346299462385,Hair Galleria,False,0,NO_CREDIBLE_MATCH,0.4,"[{""code"": ""SHARED_DOMAIN"", ""field"": ""domain"", ""prospect"": [""instagram.com""], ""hubspot"": [""instagram.com""]}, {""code"": ""PHONE_DIFFERS"", ""field"": ""phone"", ""prospect"": ""+14078450177"", ""hubspot"": ""+14072370319""}]",[],"{""address"": null, ""address2"": null, ""city"": ""Orlando"", ""country"": null, ""createdate"": ""2026-09-12T22:50:22.154Z"", ""domain"": ""instagram.com"", ""hs_additional_domains"": null, ""hs_lastmodifieddate"": ""2026-09-12T22:50:25.314Z"", ""hs_object_id"": ""346299462385"", ""name"": ""Hair Galleria"", ""phone"": ""+1 407-237-0319"", ""state"": null, ""website"": ""https://www.instagram.com/hairgalleria_orlando/"", ""zip"": null}"
L0000043,346433476320,444 Barber Studios,False,0,NO_CREDIBLE_MATCH,0.5,"[{""code"": ""SHARED_DOMAIN"", ""field"": ""domain"", ""prospect"": [""instagram.com""], ""hubspot"": [""instagram.com""]}, {""code"": ""PHONE_DIFFERS"", ""field"": ""phone"", ""prospect"": ""+14078450177"", ""hubspot"": ""+14075428111""}]","[""POSSIBLE_RELATED_LOCATION""]","{""address"": null, ""address2"": null, ""city"": ""Oviedo"", ""country"": null, ""createdate"": ""2026-09-12T22:50:58.173Z"", ""domain"": ""instagram.com"", ""hs_additional_domains"": null, ""hs_lastmodifieddate"": ""2026-09-12T22:51:14.469Z"", ""hs_object_id"": ""346433476320"", ""name"": ""444 Barber Studios"", ""phone"": ""+1 407-542-8111"", ""state"": null, ""website"": ""https://www.instagram.com/444barberstudios%3Figsh%3DMWZsYmg1cXR3emMzag%253D%253D%26utm_source%3Dqr"", ""zip"": null}"
L0000045,346447477496,J. Bauman Salon (Mills 50 District),False,95,domain_phone_name,1.0,"[{""code"": ""EXACT_NAME"", ""field"": ""name"", ""prospect"": ""j bauman salon mills 50 district"", ""hubspot"": ""j bauman salon mills 50 district""}, {""code"": ""EXACT_BUSINESS_DOMAIN"", ""field"": ""domain"", ""prospect"": [""jbaumansalon.com""], ""hubspot"": [""jbaumansalon.com""]}, {""code"": ""EXACT_PHONE"", ""field"": ""phone"", ""prospect"": ""+14078989044"", ""hubspot"": ""+14078989044""}]",[],"{""address"": null, ""address2"": null, ""city"": ""Orlando"", ""country"": null, ""createdate"": ""2026-09-12T22:50:31.274Z"", ""domain"": ""jbaumansalon.com"", ""hs_additional_domains"": null, ""hs_lastmodifieddate"": ""2026-09-12T22:55:50.344Z"", ""hs_object_id"": ""346447477496"", ""name"": ""J. Bauman Salon (Mills 50 District)"", ""phone"": ""+1 407-898-9044"", ""state"": null, ""website"": ""https://www.jbaumansalon.com/"", ""zip"": null}"
L0000046,346447477496,J. Bauman Salon (Mills 50 District),False,70,domain_only,0.7324,"[{""code"": ""EXACT_BUSINESS_DOMAIN"", ""field"": ""domain"", ""prospect"": [""booking.mangomint.com"", ""jbaumansalon.com""], ""hubspot"": [""jbaumansalon.com""]}, {""code"": ""PHONE_DIFFERS"", ""field"": ""phone"", ""prospect"": ""+14072289827"", ""hubspot"": ""+14078989044""}]",[],"{""address"": null, ""address2"": null, ""city"": ""Orlando"", ""country"": null, ""createdate"": ""2026-09-12T22:50:31.274Z"", ""domain"": ""jbaumansalon.com"", ""hs_additional_domains"": null, ""hs_lastmodifieddate"": ""2026-09-12T22:55:50.344Z"", ""hs_object_id"": ""346447477496"", ""name"": ""J. Bauman Salon (Mills 50 District)"", ""phone"": ""+1 407-898-9044"", ""state"": null, ""website"": ""https://www.jbaumansalon.com/"", ""zip"": null}"
L0000048,346306565858,JUVE' Hair Salon,False,95,domain_phone_name,1.0,"[{""code"": ""EXACT_NAME"", ""field"": ""name"", ""prospect"": ""juve hair salon"", ""hubspot"": ""juve hair salon""}, {""code"": ""EXACT_BUSINESS_DOMAIN"", ""field"": ""domain"", ""prospect"": [""app.squareup.com"", ""juvehairsalon.com""], ""hubspot"": [""juvehairsalon.com""]}, {""code"": ""EXACT_PHONE"", ""field"": ""phone"", ""prospect"": ""+14072038944"", ""hubspot"": ""+14072038944""}]",[],"{""address"": null, ""address2"": null, ""city"": ""Orlando"", ""country"": null, ""createdate"": ""2026-09-12T22:51:07.256Z"", ""domain"": ""juvehairsalon.com"", ""hs_additional_domains"": null, ""hs_lastmodifieddate"": ""2026-09-12T22:51:24.141Z"", ""hs_object_id"": ""346306565858"", ""name"": ""JUVE' Hair Salon"", ""phone"": ""+1 407-203-8944"", ""state"": null, ""website"": ""https://www.juvehairsalon.com/"", ""zip"": null}"
L0000051,346376133324,Camilo Caval CSC Beauty Salon,False,55,shared_identifier,1.0,"[{""code"": ""EXACT_NAME"", ""field"": ""name"", ""prospect"": ""camilo caval csc beauty salon"", ""hubspot"": ""camilo caval csc beauty salon""}, {""code"": ""SHARED_DOMAIN"", ""field"": ""domain"", ""prospect"": [""camilocaval.glossgenius.com""], ""hubspot"": [""camilocaval.glossgenius.com""]}, {""code"": ""EXACT_PHONE"", ""field"": ""phone"", ""prospect"": ""+14075756929"", ""hubspot"": ""+14075756929""}]",[],"{""address"": null, ""address2"": null, ""city"": ""Orlando"", ""country"": null, ""createdate"": ""2026-09-12T22:50:56.016Z"", ""domain"": ""camilocaval.glossgenius.com"", ""hs_additional_domains"": null, ""hs_lastmodifieddate"": ""2026-09-12T22:51:15.172Z"", ""hs_object_id"": ""346376133324"", ""name"": ""Camilo Caval CSC Beauty Salon"", ""phone"": ""+1 407-575-6929"", ""state"": null, ""website"": ""https://camilocaval.glossgenius.com/"", ""zip"": null}"
L0000053,346449262294,Laura Reynolds Artistry Hair & Makeup Team,False,95,domain_phone_name,1.0,"[{""code"": ""EXACT_NAME"", ""field"": ""name"", ""prospect"": ""laura reynolds artistry hair makeup team"", ""hubspot"": ""laura reynolds artistry hair makeup team""}, {""code"": ""EXACT_BUSINESS_DOMAIN"", ""field"": ""domain"", ""prospect"": [""laurareynoldsartistry.com""], ""hubspot"": [""laurareynoldsartistry.com""]}, {""code"": ""EXACT_PHONE"", ""field"": ""phone"", ""prospect"": ""+14079625114"", ""hubspot"": ""+14079625114""}]",[],"{""address"": null, ""address2"": null, ""city"": ""Orlando"", ""country"": null, ""createdate"": ""2026-09-12T22:50:22.336Z"", ""domain"": ""laurareynoldsartistry.com"", ""hs_additional_domains"": null, ""hs_lastmodifieddate"": ""2026-09-12T22:50:25.451Z"", ""hs_object_id"": ""346449262294"", ""name"": ""Laura Reynolds Artistry Hair & Makeup Team"", ""phone"": ""+1 407-962-5114"", ""state"": null, ""website"": ""http://www.laurareynoldsartistry.com/"", ""zip"": null}"
L0000055,346241070780,Fusion Hair Salon,False,95,domain_phone_name,1.0,"[{""code"": ""EXACT_NAME"", ""field"": ""name"", ""prospect"": ""fusion hair salon"", ""hubspot"": ""fusion hair salon""}, {""code"": ""EXACT_BUSINESS_DOMAIN"", ""field"": ""domain"", ""prospect"": [""fusionsalonorlando.com""], ""hubspot"": [""fusionsalonorlando.com""]}, {""code"": ""EXACT_PHONE"", ""field"": ""phone"", ""prospect"": ""+14072280774"", ""hubspot"": ""+14072280774""}]",[],"{""address"": null, ""address2"": null, ""city"": ""Orlando"", ""country"": null, ""createdate"": ""2026-09-12T22:50:48.527Z"", ""domain"": ""fusionsalonorlando.com"", ""hs_additional_domains"": null, ""hs_lastmodifieddate"": ""2026-09-12T22:55:50.603Z"", ""hs_object_id"": ""346241070780"", ""name"": ""Fusion Hair Salon"", ""phone"": ""+1 407-228-0774"", ""state"": null, ""website"": ""https://www.fusionsalonorlando.com/"", ""zip"": null}"
L0000056,342025333453,Instagram,False,0,NO_CREDIBLE_MATCH,0.24,"[{""code"": ""SHARED_DOMAIN"", ""field"": ""domain"", ""prospect"": [""booksy.com"", ""instagram.com""], ""hubspot"": [""instagram.com""]}]",[],"{""address"": null, ""address2"": null, ""city"": null, ""country"": null, ""createdate"": ""2026-08-25T19:09:21.578Z"", ""domain"": ""instagram.com"", ""hs_additional_domains"": null, ""hs_lastmodifieddate"": ""2026-09-01T12:05:10.100Z"", ""hs_object_id"": ""342025333453"", ""name"": ""Instagram"", ""phone"": null, ""state"": null, ""website"": ""instagram.com"", ""zip"": null}"
L0000056,346264440506,Edro's Salon,False,0,NO_CREDIBLE_MATCH,0.3571,"[{""code"": ""SHARED_DOMAIN"", ""field"": ""domain"", ""prospect"": [""booksy.com"", ""instagram.com""], ""hubspot"": [""instagram.com""]}, {""code"": ""PHONE_DIFFERS"", ""field"": ""phone"", ""prospect"": ""+14078972200"", ""hubspot"": ""+14073512413""}]",[],"{""address"": null, ""address2"": null, ""city"": ""Orlando"", ""country"": null, ""createdate"": ""2026-09-12T22:50:39.418Z"", ""domain"": ""instagram.com"", ""hs_additional_domains"": null, ""hs_lastmodifieddate"": ""2026-09-12T22:50:55.877Z"", ""hs_object_id"": ""346264440506"", ""name"": ""Edro's Salon"", ""phone"": ""+1 407-351-2413"", ""state"": null, ""website"": ""http://instagram.com/edros.salon"", ""zip"": null}"
L0000056,346292388564,Patty Serna Hair Salon,False,0,NO_CREDIBLE_MATCH,0.2632,"[{""code"": ""SHARED_DOMAIN"", ""field"": ""domain"", ""prospect"": [""booksy.com"", ""instagram.com""], ""hubspot"": [""instagram.com""]}, {""code"": ""PHONE_DIFFERS"", ""field"": ""phone"", ""prospect"": ""+14078972200"", ""hubspot"": ""+14073047654""}]","[""POSSIBLE_RELATED_LOCATION""]","{""address"": null, ""address2"": null, ""city"": ""Altamonte Springs"", ""country"": null, ""createdate"": ""2026-09-12T22:50:09.550Z"", ""domain"": ""instagram.com"", ""hs_additional_domains"": null, ""hs_lastmodifieddate"": ""2026-09-12T22:50:15.027Z"", ""hs_object_id"": ""346292388564"", ""name"": ""Patty Serna Hair Salon"", ""phone"": ""+1 407-304-7654"", ""state"": null, ""website"": ""https://www.instagram.com/pattysernabeautysalon/"", ""zip"": null}"
L0000056,346299462385,Hair Galleria,False,0,NO_CREDIBLE_MATCH,0.2759,"[{""code"": ""SHARED_DOMAIN"", ""field"": ""domain"", ""prospect"": [""booksy.com"", ""instagram.com""], ""hubspot"": [""instagram.com""]}, {""code"": ""PHONE_DIFFERS"", ""field"": ""phone"", ""prospect"": ""+14078972200"", ""hubspot"": ""+14072370319""}]",[],"{""address"": null, ""address2"": null, ""city"": ""Orlando"", ""country"": null, ""createdate"": ""2026-09-12T22:50:22.154Z"", ""domain"": ""instagram.com"", ""hs_additional_domains"": null, ""hs_lastmodifieddate"": ""2026-09-12T22:50:25.314Z"", ""hs_object_id"": ""346299462385"", ""name"": ""Hair Galleria"", ""phone"": ""+1 407-237-0319"", ""state"": null, ""website"": ""https://www.instagram.com/hairgalleria_orlando/"", ""zip"": null}"
L0000056,346433476320,444 Barber Studios,False,0,NO_CREDIBLE_MATCH,0.1176,"[{""code"": ""SHARED_DOMAIN"", ""field"": ""domain"", ""prospect"": [""booksy.com"", ""instagram.com""], ""hubspot"": [""instagram.com""]}, {""code"": ""PHONE_DIFFERS"", ""field"": ""phone"", ""prospect"": ""+14078972200"", ""hubspot"": ""+14075428111""}]","[""POSSIBLE_RELATED_LOCATION""]","{""address"": null, ""address2"": null, ""city"": ""Oviedo"", ""country"": null, ""createdate"": ""2026-09-12T22:50:58.173Z"", ""domain"": ""instagram.com"", ""hs_additional_domains"": null, ""hs_lastmodifieddate"": ""2026-09-12T22:51:14.469Z"", ""hs_object_id"": ""346433476320"", ""name"": ""444 Barber Studios"", ""phone"": ""+1 407-542-8111"", ""state"": null, ""website"": ""https://www.instagram.com/444barberstudios%3Figsh%3DMWZsYmg1cXR3emMzag%253D%253D%26utm_source%3Dqr"", ""zip"": null}"
L0000058,346406573809,Mango Hair Studio Lake Nona,False,95,domain_phone_name,1.0,"[{""code"": ""EXACT_NAME"", ""field"": ""name"", ""prospect"": ""mango hair studio lake nona"", ""hubspot"": ""mango hair studio lake nona""}, {""code"": ""EXACT_BUSINESS_DOMAIN"", ""field"": ""domain"", ""prospect"": [""mangobeauty.us"", ""vagaro.com""], ""hubspot"": [""mangobeauty.us""]}, {""code"": ""EXACT_PHONE"", ""field"": ""phone"", ""prospect"": ""+14077304347"", ""hubspot"": ""+14077304347""}]",[],"{""address"": null, ""address2"": null, ""city"": ""Orlando"", ""country"": null, ""createdate"": ""2026-09-12T22:50:23.275Z"", ""domain"": ""mangobeauty.us"", ""hs_additional_domains"": null, ""hs_lastmodifieddate"": ""2026-09-12T22:50:27.547Z"", ""hs_object_id"": ""346406573809"", ""name"": ""Mango Hair Studio Lake Nona"", ""phone"": ""+1 407-730-4347"", ""state"": null, ""website"": ""https://www.mangobeauty.us/"", ""zip"": null}"
L0000061,346342228708,Sanctuary Salon & Med Spa,False,95,domain_phone_name,1.0,"[{""code"": ""EXACT_NAME"", ""field"": ""name"", ""prospect"": ""sanctuary salon med spa"", ""hubspot"": ""sanctuary salon med spa""}, {""code"": ""EXACT_BUSINESS_DOMAIN"", ""field"": ""domain"", ""prospect"": [""sanctuarysalondayspa.com""], ""hubspot"": [""sanctuarysalondayspa.com""]}, {""code"": ""EXACT_PHONE"", ""field"": ""phone"", ""prospect"": ""+14079091011"", ""hubspot"": ""+14079091011""}]",[],"{""address"": null, ""address2"": null, ""city"": ""Orlando"", ""country"": null, ""createdate"": ""2026-09-12T22:50:22.549Z"", ""domain"": ""sanctuarysalondayspa.com"", ""hs_additional_domains"": null, ""hs_lastmodifieddate"": ""2026-09-12T22:50:25.494Z"", ""hs_object_id"": ""346342228708"", ""name"": ""Sanctuary Salon & Med Spa"", ""phone"": ""+1 407-909-1011"", ""state"": null, ""website"": ""https://www.sanctuarysalondayspa.com/"", ""zip"": null}"
L0000062,346376133327,Napolitano Beauty & Co,False,95,domain_phone_name,1.0,"[{""code"": ""EXACT_NAME"", ""field"": ""name"", ""prospect"": ""napolitano beauty co"", ""hubspot"": ""napolitano beauty co""}, {""code"": ""EXACT_BUSINESS_DOMAIN"", ""field"": ""domain"", ""prospect"": [""api.whatsapp.com"", ""napolitanobeautyco.com""], ""hubspot"": [""napolitanobeautyco.com""]}, {""code"": ""EXACT_PHONE"", ""field"": ""phone"", ""prospect"": ""+14246228022"", ""hubspot"": ""+14246228022""}]",[],"{""address"": null, ""address2"": null, ""city"": ""Orlando"", ""country"": null, ""createdate"": ""2026-09-12T22:51:06.675Z"", ""domain"": ""napolitanobeautyco.com"", ""hs_additional_domains"": null, ""hs_lastmodifieddate"": ""2026-09-12T22:51:24.657Z"", ""hs_object_id"": ""346376133327"", ""name"": ""Napolitano Beauty & Co"", ""phone"": ""+1 424-622-8022"", ""state"": null, ""website"": ""http://napolitanobeautyco.com/"", ""zip"": null}"
L0000064,346306565855,KC Beauty Lounge,False,95,domain_phone_name,1.0,"[{""code"": ""EXACT_NAME"", ""field"": ""name"", ""prospect"": ""kc beauty lounge"", ""hubspot"": ""kc beauty lounge""}, {""code"": ""EXACT_BUSINESS_DOMAIN"", ""field"": ""domain"", ""prospect"": [""kcbeauty.us"", ""login.meevo.com""], ""hubspot"": [""kcbeauty.us""]}, {""code"": ""EXACT_PHONE"", ""field"": ""phone"", ""prospect"": ""+14072709517"", ""hubspot"": ""+14072709517""}]",[],"{""address"": null, ""address2"": null, ""city"": ""Orlando"", ""country"": null, ""createdate"": ""2026-09-12T22:50:56.560Z"", ""domain"": ""kcbeauty.us"", ""hs_additional_domains"": null, ""hs_lastmodifieddate"": ""2026-09-12T22:51:13.980Z"", ""hs_object_id"": ""346306565855"", ""name"": ""KC Beauty Lounge"", ""phone"": ""+1 407-270-9517"", ""state"": null, ""website"": ""https://www.kcbeauty.us/"", ""zip"": null}"
L0000066,346322658009,Phenix Salon Suites SoDo Orlando,False,95,domain_phone_name,1.0,"[{""code"": ""EXACT_NAME"", ""field"": ""name"", ""prospect"": ""phenix salon suites sodo orlando"", ""hubspot"": ""phenix salon suites sodo orlando""}, {""code"": ""EXACT_BUSINESS_DOMAIN"", ""field"": ""domain"", ""prospect"": [""booksy.com"", ""phenixsalonsuitesflorida.com""], ""hubspot"": [""phenixsalonsuitesflorida.com""]}, {""code"": ""EXACT_PHONE"", ""field"": ""phone"", ""prospect"": ""+14077173851"", ""hubspot"": ""+14077173851""}]",[],"{""address"": null, ""address2"": null, ""city"": ""Orlando"", ""country"": null, ""createdate"": ""2026-09-12T22:50:57.716Z"", ""domain"": ""phenixsalonsuitesflorida.com"", ""hs_additional_domains"": null, ""hs_lastmodifieddate"": ""2026-09-12T22:51:14.025Z"", ""hs_object_id"": ""346322658009"", ""name"": ""Phenix Salon Suites SoDo Orlando"", ""phone"": ""+1 407-717-3851"", ""state"": null, ""website"": ""http://www.phenixsalonsuitesflorida.com/"", ""zip"": null}"
L0000071,346303052531,Hair In Motion of New York - MetroWest,False,55,shared_identifier,1.0,"[{""code"": ""EXACT_NAME"", ""field"": ""name"", ""prospect"": ""hair in motion of new york metrowest"", ""hubspot"": ""hair in motion of new york metrowest""}, {""code"": ""SHARED_DOMAIN"", ""field"": ""domain"", ""prospect"": [""fresha.com""], ""hubspot"": [""fresha.com""]}, {""code"": ""EXACT_PHONE"", ""field"": ""phone"", ""prospect"": ""+14077048300"", ""hubspot"": ""+14077048300""}, {""code"": ""SAME_URL_PATH"", ""field"": ""website"", ""prospect"": [""https://fresha.com/providers/15354""], ""hubspot"": [""https://fresha.com/providers/15354""]}]",[],"{""address"": null, ""address2"": null, ""city"": ""Orlando"", ""country"": null, ""createdate"": ""2026-09-12T22:50:47.523Z"", ""domain"": ""fresha.com"", ""hs_additional_domains"": null, ""hs_lastmodifieddate"": ""2026-09-12T22:51:03.912Z"", ""hs_object_id"": ""346303052531"", ""name"": ""Hair In Motion of New York - MetroWest"", ""phone"": ""+1 407-704-8300"", ""state"": null, ""website"": ""https://www.fresha.com/providers/15354"", ""zip"": null}"
L0000072,346367197922,Little Sister,False,55,phone_only,1.0,"[{""code"": ""EXACT_NAME"", ""field"": ""name"", ""prospect"": ""little sister"", ""hubspot"": ""little sister""}, {""code"": ""EXACT_PHONE"", ""field"": ""phone"", ""prospect"": ""+14078671413"", ""hubspot"": ""+14078671413""}]",[],"{""address"": null, ""address2"": null, ""city"": null, ""country"": null, ""createdate"": ""2026-09-12T22:54:43.728Z"", ""domain"": null, ""hs_additional_domains"": null, ""hs_lastmodifieddate"": ""2026-09-12T22:54:48.810Z"", ""hs_object_id"": ""346367197922"", ""name"": ""Little Sister"", ""phone"": ""407-867-1413"", ""state"": null, ""website"": null, ""zip"": null}"
L0000073,346410110671,Aveda - TCG Salon & Headspa,False,95,domain_phone_name,1.0,"[{""code"": ""EXACT_NAME"", ""field"": ""name"", ""prospect"": ""aveda tcg salon headspa"", ""hubspot"": ""aveda tcg salon headspa""}, {""code"": ""EXACT_BUSINESS_DOMAIN"", ""field"": ""domain"", ""prospect"": [""headspaorlando.com"", ""phorest.com""], ""hubspot"": [""headspaorlando.com""]}, {""code"": ""EXACT_PHONE"", ""field"": ""phone"", ""prospect"": ""+14074270454"", ""hubspot"": ""+14074270454""}]",[],"{""address"": null, ""address2"": null, ""city"": ""Orlando"", ""country"": null, ""createdate"": ""2026-09-12T22:50:22.738Z"", ""domain"": ""headspaorlando.com"", ""hs_additional_domains"": null, ""hs_lastmodifieddate"": ""2026-09-12T22:50:27.388Z"", ""hs_object_id"": ""346410110671"", ""name"": ""Aveda - TCG Salon & Headspa"", ""phone"": ""+1 407-427-0454"", ""state"": null, ""website"": ""http://www.headspaorlando.com/"", ""zip"": null}"
L0000074,346306565849,Dejavu Hair & Design,False,95,domain_phone_name,1.0,"[{""code"": ""EXACT_NAME"", ""field"": ""name"", ""prospect"": ""dejavu hair design"", ""hubspot"": ""dejavu hair design""}, {""code"": ""EXACT_BUSINESS_DOMAIN"", ""field"": ""domain"", ""prospect"": [""dejavuhairdesignct.com"", ""vagaro.com""], ""hubspot"": [""dejavuhairdesignct.com""]}, {""code"": ""EXACT_PHONE"", ""field"": ""phone"", ""prospect"": ""+14077784877"", ""hubspot"": ""+14077784877""}]",[],"{""address"": null, ""address2"": null, ""city"": ""Orlando"", ""country"": null, ""createdate"": ""2026-09-12T22:50:31.725Z"", ""domain"": ""dejavuhairdesignct.com"", ""hs_additional_domains"": null, ""hs_lastmodifieddate"": ""2026-09-12T22:50:46.828Z"", ""hs_object_id"": ""346306565849"", ""name"": ""Dejavu Hair & Design"", ""phone"": ""+1 407-778-4877"", ""state"": null, ""website"": ""https://www.dejavuhairdesignct.com/"", ""zip"": null}"
L0000079,346367196906,Empire Hair & Beauty Salon,False,95,domain_phone_name,1.0,"[{""code"": ""EXACT_NAME"", ""field"": ""name"", ""prospect"": ""empire hair beauty salon"", ""hubspot"": ""empire hair beauty salon""}, {""code"": ""EXACT_BUSINESS_DOMAIN"", ""field"": ""domain"", ""prospect"": [""booksy.com"", ""empirehbs.com""], ""hubspot"": [""empirehbs.com""]}, {""code"": ""EXACT_PHONE"", ""field"": ""phone"", ""prospect"": ""+16892549919"", ""hubspot"": ""+16892549919""}]",[],"{""address"": null, ""address2"": null, ""city"": ""Orlando"", ""country"": null, ""createdate"": ""2026-09-12T22:50:58.016Z"", ""domain"": ""empirehbs.com"", ""hs_additional_domains"": null, ""hs_lastmodifieddate"": ""2026-09-12T22:51:15.418Z"", ""hs_object_id"": ""346367196906"", ""name"": ""Empire Hair & Beauty Salon"", ""phone"": ""+1 689-254-9919"", ""state"": null, ""website"": ""http://www.empirehbs.com/"", ""zip"": null}"
L0000085,346303052532,Hair Straightening: Envy Me Hair Salon,False,95,domain_phone_name,1.0,"[{""code"": ""EXACT_NAME"", ""field"": ""name"", ""prospect"": ""hair straightening envy me hair salon"", ""hubspot"": ""hair straightening envy me hair salon""}, {""code"": ""EXACT_BUSINESS_DOMAIN"", ""field"": ""domain"", ""prospect"": [""envymehair.com""], ""hubspot"": [""envymehair.com""]}, {""code"": ""EXACT_PHONE"", ""field"": ""phone"", ""prospect"": ""+14079140024"", ""hubspot"": ""+14079140024""}]",[],"{""address"": null, ""address2"": null, ""city"": ""Orlando"", ""country"": null, ""createdate"": ""2026-09-12T22:50:48.664Z"", ""domain"": ""envymehair.com"", ""hs_additional_domains"": null, ""hs_lastmodifieddate"": ""2026-09-12T22:51:04.753Z"", ""hs_object_id"": ""346303052532"", ""name"": ""Hair Straightening: Envy Me Hair Salon"", ""phone"": ""+1 407-914-0024"", ""state"": null, ""website"": ""https://envymehair.com/"", ""zip"": null}"
L0000103,346447478460,CENZI BEAUTY DOCTOR PHILLIPS,False,95,domain_phone_name,1.0,"[{""code"": ""EXACT_NAME"", ""field"": ""name"", ""prospect"": ""cenzi beauty doctor phillips"", ""hubspot"": ""cenzi beauty doctor phillips""}, {""code"": ""EXACT_BUSINESS_DOMAIN"", ""field"": ""domain"", ""prospect"": [""app.squareup.com"", ""cenzibeauty.com""], ""hubspot"": [""cenzibeauty.com""]}, {""code"": ""EXACT_PHONE"", ""field"": ""phone"", ""prospect"": ""+14072058855"", ""hubspot"": ""+14072058855""}]",[],"{""address"": null, ""address2"": null, ""city"": ""Orlando"", ""country"": null, ""createdate"": ""2026-09-12T22:50:39.157Z"", ""domain"": ""cenzibeauty.com"", ""hs_additional_domains"": null, ""hs_lastmodifieddate"": ""2026-09-12T22:50:54.778Z"", ""hs_object_id"": ""346447478460"", ""name"": ""CENZI BEAUTY DOCTOR PHILLIPS"", ""phone"": ""+1 407-205-8855"", ""state"": null, ""website"": ""http://cenzibeauty.com/"", ""zip"": null}"
L0000110,346260793025,Matthew Michaels Salon Experience,False,95,domain_phone_name,1.0,"[{""code"": ""EXACT_NAME"", ""field"": ""name"", ""prospect"": ""matthew michaels salon experience"", ""hubspot"": ""matthew michaels salon experience""}, {""code"": ""EXACT_BUSINESS_DOMAIN"", ""field"": ""domain"", ""prospect"": [""matthewmichaels.com""], ""hubspot"": [""matthewmichaels.com""]}, {""code"": ""EXACT_PHONE"", ""field"": ""phone"", ""prospect"": ""+14078969892"", ""hubspot"": ""+14078969892""}]",[],"{""address"": null, ""address2"": null, ""city"": ""Orlando"", ""country"": null, ""createdate"": ""2026-09-12T22:50:38.432Z"", ""domain"": ""matthewmichaels.com"", ""hs_additional_domains"": null, ""hs_lastmodifieddate"": ""2026-09-12T22:50:56.258Z"", ""hs_object_id"": ""346260793025"", ""name"": ""Matthew Michaels Salon Experience"", ""phone"": ""+1 407-896-9892"", ""state"": null, ""website"": ""http://www.matthewmichaels.com/"", ""zip"": null}"
L0000115,346260793030,"Hair By Alfredo at Salon Lofts, Studio 12, Waterford Lakes Plaza",False,55,shared_identifier,1.0,"[{""code"": ""EXACT_NAME"", ""field"": ""name"", ""prospect"": ""hair by alfredo at salon lofts studio 12 waterford lakes plaza"", ""hubspot"": ""hair by alfredo at salon lofts studio 12 waterford lakes plaza""}, {""code"": ""SHARED_DOMAIN"", ""field"": ""domain"", ""prospect"": [""app.squareup.com"", ""squareup.com""], ""hubspot"": [""squareup.com""]}, {""code"": ""EXACT_PHONE"", ""field"": ""phone"", ""prospect"": ""+14074617887"", ""hubspot"": ""+14074617887""}, {""code"": ""SAME_URL_PATH"", ""field"": ""website"", ""prospect"": [""https://squareup.com/appointments/book/3MNFV8Q7HDFCS""], ""hubspot"": [""https://squareup.com/appointments/book/3MNFV8Q7HDFCS""]}]",[],"{""address"": null, ""address2"": null, ""city"": ""Orlando"", ""country"": null, ""createdate"": ""2026-09-12T22:51:07.098Z"", ""domain"": ""squareup.com"", ""hs_additional_domains"": null, ""hs_lastmodifieddate"": ""2026-09-12T22:51:23.774Z"", ""hs_object_id"": ""346260793030"", ""name"": ""Hair By Alfredo at Salon Lofts, Studio 12, Waterford Lakes Plaza"", ""phone"": ""+1 407-461-7887"", ""state"": null, ""website"": ""https://squareup.com/appointments/book/3MNFV8Q7HDFCS"", ""zip"": null}"
L0000141,346292388571,ACoLab Salon,False,95,domain_phone_name,1.0,"[{""code"": ""EXACT_NAME"", ""field"": ""name"", ""prospect"": ""acolab salon"", ""hubspot"": ""acolab salon""}, {""code"": ""EXACT_BUSINESS_DOMAIN"", ""field"": ""domain"", ""prospect"": [""acolab.salon"", ""fresha.com""], ""hubspot"": [""acolab.salon""]}, {""code"": ""EXACT_PHONE"", ""field"": ""phone"", ""prospect"": ""+14077904787"", ""hubspot"": ""+14077904787""}]",[],"{""address"": null, ""address2"": null, ""city"": ""Winter Park"", ""country"": null, ""createdate"": ""2026-09-12T22:50:58.325Z"", ""domain"": ""acolab.salon"", ""hs_additional_domains"": null, ""hs_lastmodifieddate"": ""2026-09-12T22:51:14.707Z"", ""hs_object_id"": ""346292388571"", ""name"": ""ACoLab Salon"", ""phone"": ""+1 407-790-4787"", ""state"": null, ""website"": ""https://acolab.salon/"", ""zip"": null}"
L0000141,346303052531,Hair In Motion of New York - MetroWest,False,0,NO_CREDIBLE_MATCH,0.1667,"[{""code"": ""SHARED_DOMAIN"", ""field"": ""domain"", ""prospect"": [""acolab.salon"", ""fresha.com""], ""hubspot"": [""fresha.com""]}, {""code"": ""PHONE_DIFFERS"", ""field"": ""phone"", ""prospect"": ""+14077904787"", ""hubspot"": ""+14077048300""}]","[""POSSIBLE_RELATED_LOCATION""]","{""address"": null, ""address2"": null, ""city"": ""Orlando"", ""country"": null, ""createdate"": ""2026-09-12T22:50:47.523Z"", ""domain"": ""fresha.com"", ""hs_additional_domains"": null, ""hs_lastmodifieddate"": ""2026-09-12T22:51:03.912Z"", ""hs_object_id"": ""346303052531"", ""name"": ""Hair In Motion of New York - MetroWest"", ""phone"": ""+1 407-704-8300"", ""state"": null, ""website"": ""https://www.fresha.com/providers/15354"", ""zip"": null}"
L0000158,346322657997,Mosaic Hair Studio & Blowout Bar,False,55,shared_identifier,1.0,"[{""code"": ""EXACT_NAME"", ""field"": ""name"", ""prospect"": ""mosaic hair studio blowout bar"", ""hubspot"": ""mosaic hair studio blowout bar""}, {""code"": ""SHARED_DOMAIN"", ""field"": ""domain"", ""prospect"": [""mosaichairstudio.com""], ""hubspot"": [""mosaichairstudio.com""]}, {""code"": ""EXACT_PHONE"", ""field"": ""phone"", ""prospect"": ""+14078963241"", ""hubspot"": ""+14078963241""}, {""code"": ""SAME_URL_PATH"", ""field"": ""website"", ""prospect"": [""https://mosaichairstudio.com"", ""https://mosaichairstudio.com/locations/ivanhoe/%3Futm_source%3DGMB%26utm_medium%3DIvanhoe%26utm_campaign%3DWebsite%26utm_id%3DLocal%2BSEO""], ""hubspot"": [""https://mosaichairstudio.com"", ""https://mosaichairstudio.com/locations/ivanhoe/%3Futm_source%3DGMB%26utm_medium%3DIvanhoe%26utm_campaign%3DWebsite%26utm_id%3DLocal%2BSEO""]}]",[],"{""address"": null, ""address2"": null, ""city"": ""Orlando"", ""country"": null, ""createdate"": ""2026-09-12T22:50:30.787Z"", ""domain"": ""mosaichairstudio.com"", ""hs_additional_domains"": null, ""hs_lastmodifieddate"": ""2026-09-12T22:50:46.565Z"", ""hs_object_id"": ""346322657997"", ""name"": ""Mosaic Hair Studio & Blowout Bar"", ""phone"": ""+1 407-896-3241"", ""state"": null, ""website"": ""https://mosaichairstudio.com/locations/ivanhoe/%3Futm_source%3DGMB%26utm_medium%3DIvanhoe%26utm_campaign%3DWebsite%26utm_id%3DLocal%2BSEO"", ""zip"": null}"
L0000158,346367196900,Mosaic Hair Studio & Blowout Bar Milk District,False,55,shared_identifier,0.8108,"[{""code"": ""SHARED_DOMAIN"", ""field"": ""domain"", ""prospect"": [""mosaichairstudio.com""], ""hubspot"": [""mosaichairstudio.com""]}, {""code"": ""PHONE_DIFFERS"", ""field"": ""phone"", ""prospect"": ""+14078963241"", ""hubspot"": ""+13213527386""}]",[],"{""address"": null, ""address2"": null, ""city"": ""Orlando"", ""country"": null, ""createdate"": ""2026-09-12T22:50:31.416Z"", ""domain"": ""mosaichairstudio.com"", ""hs_additional_domains"": null, ""hs_lastmodifieddate"": ""2026-09-12T22:50:46.576Z"", ""hs_object_id"": ""346367196900"", ""name"": ""Mosaic Hair Studio & Blowout Bar Milk District"", ""phone"": ""+1 321-352-7386"", ""state"": null, ""website"": ""https://mosaichairstudio.com/locations/milk-district/%3Futm_source%3DGMB%26utm_medium%3DMilk_District%26utm_campaign%3DWebsite%26utm_id%3DLocal%2BSEO"", ""zip"": null}"
L0000159,346260793026,Salon Dulay - Dr. Phillips,False,55,shared_identifier,1.0,"[{""code"": ""EXACT_NAME"", ""field"": ""name"", ""prospect"": ""salon dulay dr phillips"", ""hubspot"": ""salon dulay dr phillips""}, {""code"": ""SHARED_DOMAIN"", ""field"": ""domain"", ""prospect"": [""booking.salondulay.com"", ""salondulay.com""], ""hubspot"": [""salondulay.com""]}, {""code"": ""EXACT_PHONE"", ""field"": ""phone"", ""prospect"": ""+14074479898"", ""hubspot"": ""+14074479898""}, {""code"": ""SAME_URL_PATH"", ""field"": ""website"", ""prospect"": [""https://salondulay.com/orlando-doctor-phillips""], ""hubspot"": [""https://salondulay.com/orlando-doctor-phillips""]}]",[],"{""address"": null, ""address2"": null, ""city"": ""Orlando"", ""country"": null, ""createdate"": ""2026-09-12T22:50:39.288Z"", ""domain"": ""salondulay.com"", ""hs_additional_domains"": null, ""hs_lastmodifieddate"": ""2026-09-12T22:50:55.863Z"", ""hs_object_id"": ""346260793026"", ""name"": ""Salon Dulay - Dr. Phillips"", ""phone"": ""+1 407-447-9898"", ""state"": null, ""website"": ""https://salondulay.com/orlando-doctor-phillips/"", ""zip"": null}"
L0000159,346367196907,Salon Dulay - Mills 50 District,False,55,shared_identifier,0.6538,"[{""code"": ""SHARED_DOMAIN"", ""field"": ""domain"", ""prospect"": [""booking.salondulay.com"", ""salondulay.com""], ""hubspot"": [""salondulay.com""]}, {""code"": ""PHONE_DIFFERS"", ""field"": ""phone"", ""prospect"": ""+14074479898"", ""hubspot"": ""+14079855243""}]",[],"{""address"": null, ""address2"": null, ""city"": ""Orlando"", ""country"": null, ""createdate"": ""2026-09-12T22:51:06.215Z"", ""domain"": ""salondulay.com"", ""hs_additional_domains"": null, ""hs_lastmodifieddate"": ""2026-09-12T22:55:50.454Z"", ""hs_object_id"": ""346367196907"", ""name"": ""Salon Dulay - Mills 50 District"", ""phone"": ""+1 407-985-5243"", ""state"": null, ""website"": ""https://salondulay.com/orlando/"", ""zip"": null}"
L0000163,346264440506,Edro's Salon,False,55,shared_identifier,1.0,"[{""code"": ""EXACT_NAME"", ""field"": ""name"", ""prospect"": ""edro s salon"", ""hubspot"": ""edro s salon""}, {""code"": ""SHARED_DOMAIN"", ""field"": ""domain"", ""prospect"": [""instagram.com""], ""hubspot"": [""instagram.com""]}, {""code"": ""EXACT_PHONE"", ""field"": ""phone"", ""prospect"": ""+14073512413"", ""hubspot"": ""+14073512413""}, {""code"": ""SAME_URL_PATH"", ""field"": ""website"", ""prospect"": [""http://instagram.com/edros.salon""], ""hubspot"": [""http://instagram.com/edros.salon""]}]",[],"{""address"": null, ""address2"": null, ""city"": ""Orlando"", ""country"": null, ""createdate"": ""2026-09-12T22:50:39.418Z"", ""domain"": ""instagram.com"", ""hs_additional_domains"": null, ""hs_lastmodifieddate"": ""2026-09-12T22:50:55.877Z"", ""hs_object_id"": ""346264440506"", ""name"": ""Edro's Salon"", ""phone"": ""+1 407-351-2413"", ""state"": null, ""website"": ""http://instagram.com/edros.salon"", ""zip"": null}"
L0000163,342025333453,Instagram,False,0,NO_CREDIBLE_MATCH,0.1905,"[{""code"": ""SHARED_DOMAIN"", ""field"": ""domain"", ""prospect"": [""instagram.com""], ""hubspot"": [""instagram.com""]}]",[],"{""address"": null, ""address2"": null, ""city"": null, ""country"": null, ""createdate"": ""2026-08-25T19:09:21.578Z"", ""domain"": ""instagram.com"", ""hs_additional_domains"": null, ""hs_lastmodifieddate"": ""2026-09-01T12:05:10.100Z"", ""hs_object_id"": ""342025333453"", ""name"": ""Instagram"", ""phone"": null, ""state"": null, ""website"": ""instagram.com"", ""zip"": null}"
L0000163,346292388564,Patty Serna Hair Salon,False,0,NO_CREDIBLE_MATCH,0.4706,"[{""code"": ""SHARED_DOMAIN"", ""field"": ""domain"", ""prospect"": [""instagram.com""], ""hubspot"": [""instagram.com""]}, {""code"": ""PHONE_DIFFERS"", ""field"": ""phone"", ""prospect"": ""+14073512413"", ""hubspot"": ""+14073047654""}]","[""POSSIBLE_RELATED_LOCATION""]","{""address"": null, ""address2"": null, ""city"": ""Altamonte Springs"", ""country"": null, ""createdate"": ""2026-09-12T22:50:09.550Z"", ""domain"": ""instagram.com"", ""hs_additional_domains"": null, ""hs_lastmodifieddate"": ""2026-09-12T22:50:15.027Z"", ""hs_object_id"": ""346292388564"", ""name"": ""Patty Serna Hair Salon"", ""phone"": ""+1 407-304-7654"", ""state"": null, ""website"": ""https://www.instagram.com/pattysernabeautysalon/"", ""zip"": null}"
L0000163,346299462385,Hair Galleria,False,0,NO_CREDIBLE_MATCH,0.32,"[{""code"": ""SHARED_DOMAIN"", ""field"": ""domain"", ""prospect"": [""instagram.com""], ""hubspot"": [""instagram.com""]}, {""code"": ""PHONE_DIFFERS"", ""field"": ""phone"", ""prospect"": ""+14073512413"", ""hubspot"": ""+14072370319""}]",[],"{""address"": null, ""address2"": null, ""city"": ""Orlando"", ""country"": null, ""createdate"": ""2026-09-12T22:50:22.154Z"", ""domain"": ""instagram.com"", ""hs_additional_domains"": null, ""hs_lastmodifieddate"": ""2026-09-12T22:50:25.314Z"", ""hs_object_id"": ""346299462385"", ""name"": ""Hair Galleria"", ""phone"": ""+1 407-237-0319"", ""state"": null, ""website"": ""https://www.instagram.com/hairgalleria_orlando/"", ""zip"": null}"
L0000163,346433476320,444 Barber Studios,False,0,NO_CREDIBLE_MATCH,0.3333,"[{""code"": ""SHARED_DOMAIN"", ""field"": ""domain"", ""prospect"": [""instagram.com""], ""hubspot"": [""instagram.com""]}, {""code"": ""PHONE_DIFFERS"", ""field"": ""phone"", ""prospect"": ""+14073512413"", ""hubspot"": ""+14075428111""}]","[""POSSIBLE_RELATED_LOCATION""]","{""address"": null, ""address2"": null, ""city"": ""Oviedo"", ""country"": null, ""createdate"": ""2026-09-12T22:50:58.173Z"", ""domain"": ""instagram.com"", ""hs_additional_domains"": null, ""hs_lastmodifieddate"": ""2026-09-12T22:51:14.469Z"", ""hs_object_id"": ""346433476320"", ""name"": ""444 Barber Studios"", ""phone"": ""+1 407-542-8111"", ""state"": null, ""website"": ""https://www.instagram.com/444barberstudios%3Figsh%3DMWZsYmg1cXR3emMzag%253D%253D%26utm_source%3Dqr"", ""zip"": null}"
L0000167,346447478463,Enyermy studio pro Orlando,False,55,shared_identifier,1.0,"[{""code"": ""EXACT_NAME"", ""field"": ""name"", ""prospect"": ""enyermy studio pro orlando"", ""hubspot"": ""enyermy studio pro orlando""}, {""code"": ""SHARED_DOMAIN"", ""field"": ""domain"", ""prospect"": [""app.squareup.com"", ""book.squareup.com""], ""hubspot"": [""book.squareup.com""]}, {""code"": ""SHARED_PHONE"", ""field"": ""phone"", ""prospect"": ""+17278779107"", ""hubspot"": ""+17278779107""}, {""code"": ""SAME_URL_PATH"", ""field"": ""website"", ""prospect"": [""https://book.squareup.com/appointments/vj0fsnz60g8n1d/location/L1C7496RDCGTG/services""], ""hubspot"": [""https://book.squareup.com/appointments/vj0fsnz60g8n1d/location/L1C7496RDCGTG/services""]}]",[],"{""address"": null, ""address2"": null, ""city"": ""Orlando"", ""country"": null, ""createdate"": ""2026-09-12T22:50:57.416Z"", ""domain"": ""book.squareup.com"", ""hs_additional_domains"": null, ""hs_lastmodifieddate"": ""2026-09-12T22:51:14.082Z"", ""hs_object_id"": ""346447478463"", ""name"": ""Enyermy studio pro Orlando"", ""phone"": ""+1 727-877-9107"", ""state"": null, ""website"": ""https://book.squareup.com/appointments/vj0fsnz60g8n1d/location/L1C7496RDCGTG/services"", ""zip"": null}"
L0000167,346449262300,Enyermy Studio Pro Waterford Lakes,False,55,shared_identifier,0.7667,"[{""code"": ""SHARED_DOMAIN"", ""field"": ""domain"", ""prospect"": [""app.squareup.com"", ""book.squareup.com""], ""hubspot"": [""book.squareup.com""]}, {""code"": ""SHARED_PHONE"", ""field"": ""phone"", ""prospect"": ""+17278779107"", ""hubspot"": ""+17278779107""}]",[],"{""address"": null, ""address2"": null, ""city"": ""Orlando"", ""country"": null, ""createdate"": ""2026-09-12T22:50:48.245Z"", ""domain"": ""book.squareup.com"", ""hs_additional_domains"": null, ""hs_lastmodifieddate"": ""2026-09-12T22:51:04.530Z"", ""hs_object_id"": ""346449262300"", ""name"": ""Enyermy Studio Pro Waterford Lakes"", ""phone"": ""+1 727-877-9107"", ""state"": null, ""website"": ""https://book.squareup.com/appointments/8thjvgf0dvy73t/location/L57WNWAWEV0DT/services"", ""zip"": null}"
L0000188,346406574826,Royalty Braids & Weave,False,55,phone_only,0.9091,"[{""code"": ""EXACT_PHONE"", ""field"": ""phone"", ""prospect"": ""+16895884601"", ""hubspot"": ""+16895884601""}]",[],"{""address"": null, ""address2"": null, ""city"": null, ""country"": null, ""createdate"": ""2026-09-12T22:54:05.537Z"", ""domain"": null, ""hs_additional_domains"": null, ""hs_lastmodifieddate"": ""2026-09-12T23:18:10.816Z"", ""hs_object_id"": ""346406574826"", ""name"": ""Royalty Braids & Weave"", ""phone"": ""689-588-4601"", ""state"": null, ""website"": null, ""zip"": null}"
L0000197,346433476316,Grove Salon,False,95,domain_phone_name,1.0,"[{""code"": ""EXACT_NAME"", ""field"": ""name"", ""prospect"": ""grove salon"", ""hubspot"": ""grove salon""}, {""code"": ""EXACT_BUSINESS_DOMAIN"", ""field"": ""domain"", ""prospect"": [""grovesalons.com""], ""hubspot"": [""grovesalons.com""]}, {""code"": ""EXACT_PHONE"", ""field"": ""phone"", ""prospect"": ""+14078663322"", ""hubspot"": ""+14078663322""}]",[],"{""address"": null, ""address2"": null, ""city"": ""Orlando"", ""country"": null, ""createdate"": ""2026-09-12T22:50:38.233Z"", ""domain"": ""grovesalons.com"", ""hs_additional_domains"": null, ""hs_lastmodifieddate"": ""2026-09-12T22:50:56.158Z"", ""hs_object_id"": ""346433476316"", ""name"": ""Grove Salon"", ""phone"": ""+1 407-866-3322"", ""state"": null, ""website"": ""https://www.grovesalons.com/"", ""zip"": null}"
L0000235,346322657996,"Pigtails & Crewcuts: Haircuts for Kids - Orlando - Dr. Phillips, FL",False,95,domain_phone_name,1.0,"[{""code"": ""EXACT_NAME"", ""field"": ""name"", ""prospect"": ""pigtails crewcuts haircuts for kids orlando dr phillips fl"", ""hubspot"": ""pigtails crewcuts haircuts for kids orlando dr phillips fl""}, {""code"": ""EXACT_BUSINESS_DOMAIN"", ""field"": ""domain"", ""prospect"": [""mytime.com"", ""pigtailsandcrewcuts.com""], ""hubspot"": [""pigtailsandcrewcuts.com""]}, {""code"": ""EXACT_PHONE"", ""field"": ""phone"", ""prospect"": ""+14073511017"", ""hubspot"": ""+14073511017""}, {""code"": ""SAME_URL_PATH"", ""field"": ""website"", ""prospect"": [""https://pigtailsandcrewcuts.com/location/drphillips/%3Futm_source%3Dgoogle%26utm_medium%3Dlocal%26utm_campaign%3Dgmb_listing""], ""hubspot"": [""https://pigtailsandcrewcuts.com/location/drphillips/%3Futm_source%3Dgoogle%26utm_medium%3Dlocal%26utm_campaign%3Dgmb_listing""]}]",[],"{""address"": null, ""address2"": null, ""city"": ""Orlando"", ""country"": null, ""createdate"": ""2026-09-12T22:50:10.893Z"", ""domain"": ""pigtailsandcrewcuts.com"", ""hs_additional_domains"": null, ""hs_lastmodifieddate"": ""2026-09-12T22:50:14.859Z"", ""hs_object_id"": ""346322657996"", ""name"": ""Pigtails & Crewcuts: Haircuts for Kids - Orlando - Dr. Phillips, FL"", ""phone"": ""+1 407-351-1017"", ""state"": null, ""website"": ""https://pigtailsandcrewcuts.com/location/drphillips/%3Futm_source%3Dgoogle%26utm_medium%3Dlocal%26utm_campaign%3Dgmb_listing"", ""zip"": null}"
L0000236,346433476325,Vitality Wellness Spa LLC,False,95,domain_phone_name,1.0,"[{""code"": ""EXACT_NAME"", ""field"": ""name"", ""prospect"": ""vitality wellness spa"", ""hubspot"": ""vitality wellness spa""}, {""code"": ""EXACT_BUSINESS_DOMAIN"", ""field"": ""domain"", ""prospect"": [""fresha.com"", ""vitalitywellnessspaorl.com""], ""hubspot"": [""vitalitywellnessspaorl.com""]}, {""code"": ""EXACT_PHONE"", ""field"": ""phone"", ""prospect"": ""+14074404420"", ""hubspot"": ""+14074404420""}]",[],"{""address"": null, ""address2"": null, ""city"": ""Orlando"", ""country"": null, ""createdate"": ""2026-09-12T22:51:07.410Z"", ""domain"": ""vitalitywellnessspaorl.com"", ""hs_additional_domains"": null, ""hs_lastmodifieddate"": ""2026-09-12T22:51:25.427Z"", ""hs_object_id"": ""346433476325"", ""name"": ""Vitality Wellness Spa LLC"", ""phone"": ""+1 407-440-4420"", ""state"": null, ""website"": ""https://www.vitalitywellnessspaorl.com/"", ""zip"": null}"
L0000236,346303052531,Hair In Motion of New York - MetroWest,False,0,NO_CREDIBLE_MATCH,0.2456,"[{""code"": ""SHARED_DOMAIN"", ""field"": ""domain"", ""prospect"": [""fresha.com"", ""vitalitywellnessspaorl.com""], ""hubspot"": [""fresha.com""]}, {""code"": ""PHONE_DIFFERS"", ""field"": ""phone"", ""prospect"": ""+14074404420"", ""hubspot"": ""+14077048300""}]",[],"{""address"": null, ""address2"": null, ""city"": ""Orlando"", ""country"": null, ""createdate"": ""2026-09-12T22:50:47.523Z"", ""domain"": ""fresha.com"", ""hs_additional_domains"": null, ""hs_lastmodifieddate"": ""2026-09-12T22:51:03.912Z"", ""hs_object_id"": ""346303052531"", ""name"": ""Hair In Motion of New York - MetroWest"", ""phone"": ""+1 407-704-8300"", ""state"": null, ""website"": ""https://www.fresha.com/providers/15354"", ""zip"": null}"
L0000248,346367196901,Perla's Nails,False,55,shared_identifier,1.0,"[{""code"": ""EXACT_NAME"", ""field"": ""name"", ""prospect"": ""perla s nails"", ""hubspot"": ""perla s nails""}, {""code"": ""SHARED_DOMAIN"", ""field"": ""domain"", ""prospect"": [""perlasnailsfl.glossgenius.com""], ""hubspot"": [""perlasnailsfl.glossgenius.com""]}, {""code"": ""EXACT_PHONE"", ""field"": ""phone"", ""prospect"": ""+13213527904"", ""hubspot"": ""+13213527904""}]",[],"{""address"": null, ""address2"": null, ""city"": ""Orlando"", ""country"": null, ""createdate"": ""2026-09-12T22:50:31.580Z"", ""domain"": ""perlasnailsfl.glossgenius.com"", ""hs_additional_domains"": null, ""hs_lastmodifieddate"": ""2026-09-12T22:50:45.721Z"", ""hs_object_id"": ""346367196901"", ""name"": ""Perla's Nails"", ""phone"": ""+1 321-352-7904"", ""state"": null, ""website"": ""https://perlasnailsfl.glossgenius.com/"", ""zip"": null}"
L0000255,346260793026,Salon Dulay - Dr. Phillips,False,55,shared_identifier,0.65,"[{""code"": ""SHARED_DOMAIN"", ""field"": ""domain"", ""prospect"": [""booking.salondulay.com"", ""salondulay.com""], ""hubspot"": [""salondulay.com""]}, {""code"": ""PHONE_DIFFERS"", ""field"": ""phone"", ""prospect"": ""+14078760015"", ""hubspot"": ""+14074479898""}]","[""POSSIBLE_RELATED_LOCATION""]","{""address"": null, ""address2"": null, ""city"": ""Orlando"", ""country"": null, ""createdate"": ""2026-09-12T22:50:39.288Z"", ""domain"": ""salondulay.com"", ""hs_additional_domains"": null, ""hs_lastmodifieddate"": ""2026-09-12T22:50:55.863Z"", ""hs_object_id"": ""346260793026"", ""name"": ""Salon Dulay - Dr. Phillips"", ""phone"": ""+1 407-447-9898"", ""state"": null, ""website"": ""https://salondulay.com/orlando-doctor-phillips/"", ""zip"": null}"
L0000255,346367196907,Salon Dulay - Mills 50 District,False,55,shared_identifier,0.5652,"[{""code"": ""SHARED_DOMAIN"", ""field"": ""domain"", ""prospect"": [""booking.salondulay.com"", ""salondulay.com""], ""hubspot"": [""salondulay.com""]}, {""code"": ""PHONE_DIFFERS"", ""field"": ""phone"", ""prospect"": ""+14078760015"", ""hubspot"": ""+14079855243""}]","[""POSSIBLE_RELATED_LOCATION""]","{""address"": null, ""address2"": null, ""city"": ""Orlando"", ""country"": null, ""createdate"": ""2026-09-12T22:51:06.215Z"", ""domain"": ""salondulay.com"", ""hs_additional_domains"": null, ""hs_lastmodifieddate"": ""2026-09-12T22:55:50.454Z"", ""hs_object_id"": ""346367196907"", ""name"": ""Salon Dulay - Mills 50 District"", ""phone"": ""+1 407-985-5243"", ""state"": null, ""website"": ""https://salondulay.com/orlando/"", ""zip"": null}"
L0000264,346356522740,Salon Ciseaux,False,95,domain_phone_name,1.0,"[{""code"": ""EXACT_NAME"", ""field"": ""name"", ""prospect"": ""salon ciseaux"", ""hubspot"": ""salon ciseaux""}, {""code"": ""EXACT_BUSINESS_DOMAIN"", ""field"": ""domain"", ""prospect"": [""bestorlandosalon.com""], ""hubspot"": [""bestorlandosalon.com""]}, {""code"": ""EXACT_PHONE"", ""field"": ""phone"", ""prospect"": ""+14078655881"", ""hubspot"": ""+14078655881""}]",[],"{""address"": null, ""address2"": null, ""city"": ""Winter Park"", ""country"": null, ""createdate"": ""2026-09-12T22:50:47.949Z"", ""domain"": ""bestorlandosalon.com"", ""hs_additional_domains"": null, ""hs_lastmodifieddate"": ""2026-09-12T22:51:03.674Z"", ""hs_object_id"": ""346356522740"", ""name"": ""Salon Ciseaux"", ""phone"": ""+1 407-865-5881"", ""state"": null, ""website"": ""https://www.bestorlandosalon.com/"", ""zip"": null}"
L0000303,346447478463,Enyermy studio pro Orlando,False,55,shared_identifier,0.7667,"[{""code"": ""SHARED_DOMAIN"", ""field"": ""domain"", ""prospect"": [""app.squareup.com"", ""book.squareup.com""], ""hubspot"": [""book.squareup.com""]}, {""code"": ""SHARED_PHONE"", ""field"": ""phone"", ""prospect"": ""+17278779107"", ""hubspot"": ""+17278779107""}]",[],"{""address"": null, ""address2"": null, ""city"": ""Orlando"", ""country"": null, ""createdate"": ""2026-09-12T22:50:57.416Z"", ""domain"": ""book.squareup.com"", ""hs_additional_domains"": null, ""hs_lastmodifieddate"": ""2026-09-12T22:51:14.082Z"", ""hs_object_id"": ""346447478463"", ""name"": ""Enyermy studio pro Orlando"", ""phone"": ""+1 727-877-9107"", ""state"": null, ""website"": ""https://book.squareup.com/appointments/vj0fsnz60g8n1d/location/L1C7496RDCGTG/services"", ""zip"": null}"
L0000303,346449262300,Enyermy Studio Pro Waterford Lakes,False,55,shared_identifier,1.0,"[{""code"": ""EXACT_NAME"", ""field"": ""name"", ""prospect"": ""enyermy studio pro waterford lakes"", ""hubspot"": ""enyermy studio pro waterford lakes""}, {""code"": ""SHARED_DOMAIN"", ""field"": ""domain"", ""prospect"": [""app.squareup.com"", ""book.squareup.com""], ""hubspot"": [""book.squareup.com""]}, {""code"": ""SHARED_PHONE"", ""field"": ""phone"", ""prospect"": ""+17278779107"", ""hubspot"": ""+17278779107""}, {""code"": ""SAME_URL_PATH"", ""field"": ""website"", ""prospect"": [""https://book.squareup.com/appointments/8thjvgf0dvy73t/location/L57WNWAWEV0DT/services""], ""hubspot"": [""https://book.squareup.com/appointments/8thjvgf0dvy73t/location/L57WNWAWEV0DT/services""]}]",[],"{""address"": null, ""address2"": null, ""city"": ""Orlando"", ""country"": null, ""createdate"": ""2026-09-12T22:50:48.245Z"", ""domain"": ""book.squareup.com"", ""hs_additional_domains"": null, ""hs_lastmodifieddate"": ""2026-09-12T22:51:04.530Z"", ""hs_object_id"": ""346449262300"", ""name"": ""Enyermy Studio Pro Waterford Lakes"", ""phone"": ""+1 727-877-9107"", ""state"": null, ""website"": ""https://book.squareup.com/appointments/8thjvgf0dvy73t/location/L57WNWAWEV0DT/services"", ""zip"": null}"
L0000319,346306565850,The Man Barbershop & Salon,False,95,domain_phone_name,1.0,"[{""code"": ""EXACT_NAME"", ""field"": ""name"", ""prospect"": ""the man barbershop salon"", ""hubspot"": ""the man barbershop salon""}, {""code"": ""EXACT_BUSINESS_DOMAIN"", ""field"": ""domain"", ""prospect"": [""themanbarbersalon.com""], ""hubspot"": [""themanbarbersalon.com""]}, {""code"": ""EXACT_PHONE"", ""field"": ""phone"", ""prospect"": ""+14076909274"", ""hubspot"": ""+14076909274""}]",[],"{""address"": null, ""address2"": null, ""city"": ""Orlando"", ""country"": null, ""createdate"": ""2026-09-12T22:50:31.861Z"", ""domain"": ""themanbarbersalon.com"", ""hs_additional_domains"": null, ""hs_lastmodifieddate"": ""2026-09-12T22:50:45.556Z"", ""hs_object_id"": ""346306565850"", ""name"": ""The Man Barbershop & Salon"", ""phone"": ""+1 407-690-9274"", ""state"": null, ""website"": ""https://themanbarbersalon.com/"", ""zip"": null}"
L0000322,346303053542,Eye Create Her,False,55,phone_only,0.7,"[{""code"": ""EXACT_PHONE"", ""field"": ""phone"", ""prospect"": ""+14079195229"", ""hubspot"": ""+14079195229""}]",[],"{""address"": null, ""address2"": null, ""city"": null, ""country"": null, ""createdate"": ""2026-09-12T22:54:05.686Z"", ""domain"": null, ""hs_additional_domains"": null, ""hs_lastmodifieddate"": ""2026-09-12T23:18:08.216Z"", ""hs_object_id"": ""346303053542"", ""name"": ""Eye Create Her"", ""phone"": ""407-919-5229"", ""state"": null, ""website"": null, ""zip"": null}"
L0000338,346264440511,Euro Style Beauty Spa,False,95,domain_phone_name,1.0,"[{""code"": ""EXACT_NAME"", ""field"": ""name"", ""prospect"": ""euro style beauty spa"", ""hubspot"": ""euro style beauty spa""}, {""code"": ""EXACT_BUSINESS_DOMAIN"", ""field"": ""domain"", ""prospect"": [""eurostylebeautysalon.com"", ""vagaro.com""], ""hubspot"": [""eurostylebeautysalon.com""]}, {""code"": ""EXACT_PHONE"", ""field"": ""phone"", ""prospect"": ""+14075356988"", ""hubspot"": ""+14075356988""}]",[],"{""address"": null, ""address2"": null, ""city"": ""Winter Park"", ""country"": null, ""createdate"": ""2026-09-12T22:51:06.531Z"", ""domain"": ""eurostylebeautysalon.com"", ""hs_additional_domains"": null, ""hs_lastmodifieddate"": ""2026-09-12T22:51:24.056Z"", ""hs_object_id"": ""346264440511"", ""name"": ""Euro Style Beauty Spa"", ""phone"": ""+1 407-535-6988"", ""state"": null, ""website"": ""http://www.eurostylebeautysalon.com/"", ""zip"": null}"
L0000340,346292388567,dolce vita salon - winter park,False,55,shared_identifier,1.0,"[{""code"": ""EXACT_NAME"", ""field"": ""name"", ""prospect"": ""dolce vita salon winter park"", ""hubspot"": ""dolce vita salon winter park""}, {""code"": ""SHARED_DOMAIN"", ""field"": ""domain"", ""prospect"": [""dashboard.boulevard.io"", ""dolcevitasalons.com""], ""hubspot"": [""dolcevitasalons.com""]}, {""code"": ""EXACT_PHONE"", ""field"": ""phone"", ""prospect"": ""+14073743333"", ""hubspot"": ""+14073743333""}]",[],"{""address"": null, ""address2"": null, ""city"": ""Winter Park"", ""country"": null, ""createdate"": ""2026-09-12T22:50:38.884Z"", ""domain"": ""dolcevitasalons.com"", ""hs_additional_domains"": null, ""hs_lastmodifieddate"": ""2026-09-12T22:50:56.512Z"", ""hs_object_id"": ""346292388567"", ""name"": ""dolce vita salon - winter park"", ""phone"": ""+1 407-374-3333"", ""state"": null, ""website"": ""https://dolcevitasalons.com/"", ""zip"": null}"
L0000340,346306565848,dolce vita salon - orlando,False,55,shared_identifier,0.6923,"[{""code"": ""SHARED_DOMAIN"", ""field"": ""domain"", ""prospect"": [""dashboard.boulevard.io"", ""dolcevitasalons.com""], ""hubspot"": [""dolcevitasalons.com""]}, {""code"": ""PHONE_DIFFERS"", ""field"": ""phone"", ""prospect"": ""+14073743333"", ""hubspot"": ""+14076501811""}]","[""POSSIBLE_RELATED_LOCATION""]","{""address"": null, ""address2"": null, ""city"": ""Orlando"", ""country"": null, ""createdate"": ""2026-09-12T22:50:31.140Z"", ""domain"": ""dolcevitasalons.com"", ""hs_additional_domains"": null, ""hs_lastmodifieddate"": ""2026-09-12T22:50:47.090Z"", ""hs_object_id"": ""346306565848"", ""name"": ""dolce vita salon - orlando"", ""phone"": ""+1 407-650-1811"", ""state"": null, ""website"": ""https://dolcevitasalons.com/"", ""zip"": null}"
L0000355,346241070781,"Happy Nails , Waxing & Eyelashes",False,95,domain_phone_name,1.0,"[{""code"": ""EXACT_NAME"", ""field"": ""name"", ""prospect"": ""happy nails waxing eyelashes"", ""hubspot"": ""happy nails waxing eyelashes""}, {""code"": ""EXACT_BUSINESS_DOMAIN"", ""field"": ""domain"", ""prospect"": [""happynailsorlando.com""], ""hubspot"": [""happynailsorlando.com""]}, {""code"": ""EXACT_PHONE"", ""field"": ""phone"", ""prospect"": ""+14075793393"", ""hubspot"": ""+14075793393""}]",[],"{""address"": null, ""address2"": null, ""city"": ""Orlando"", ""country"": null, ""createdate"": ""2026-09-12T22:51:14.315Z"", ""domain"": ""happynailsorlando.com"", ""hs_additional_domains"": null, ""hs_lastmodifieddate"": ""2026-09-12T22:51:29.238Z"", ""hs_object_id"": ""346241070781"", ""name"": ""Happy Nails , Waxing & Eyelashes"", ""phone"": ""+1 407-579-3393"", ""state"": null, ""website"": ""https://happynailsorlando.com/"", ""zip"": null}"
L0000357,346290622201,Intimate Waxing and Spa,False,95,domain_phone_name,1.0,"[{""code"": ""EXACT_NAME"", ""field"": ""name"", ""prospect"": ""intimate waxing and spa"", ""hubspot"": ""intimate waxing and spa""}, {""code"": ""EXACT_BUSINESS_DOMAIN"", ""field"": ""domain"", ""prospect"": [""intimatewaxingandspa.com""], ""hubspot"": [""intimatewaxingandspa.com""]}, {""code"": ""EXACT_PHONE"", ""field"": ""phone"", ""prospect"": ""+13212656027"", ""hubspot"": ""+13212656027""}]",[],"{""address"": null, ""address2"": null, ""city"": ""Orlando"", ""country"": null, ""createdate"": ""2026-09-12T22:50:48.102Z"", ""domain"": ""intimatewaxingandspa.com"", ""hs_additional_domains"": null, ""hs_lastmodifieddate"": ""2026-09-12T22:51:04.345Z"", ""hs_object_id"": ""346290622201"", ""name"": ""Intimate Waxing and Spa"", ""phone"": ""+1 321-265-6027"", ""state"": null, ""website"": ""http://www.intimatewaxingandspa.com/"", ""zip"": null}"
L0000359,346299463355,Avelure Med Spa - Waterford,False,95,domain_phone_name,1.0,"[{""code"": ""EXACT_NAME"", ""field"": ""name"", ""prospect"": ""avelure med spa waterford"", ""hubspot"": ""avelure med spa waterford""}, {""code"": ""EXACT_BUSINESS_DOMAIN"", ""field"": ""domain"", ""prospect"": [""amp.zenoti.com"", ""aveluremedspa.com""], ""hubspot"": [""aveluremedspa.com""]}, {""code"": ""EXACT_PHONE"", ""field"": ""phone"", ""prospect"": ""+14074104168"", ""hubspot"": ""+14074104168""}, {""code"": ""SAME_URL_PATH"", ""field"": ""website"", ""prospect"": [""https://aveluremedspa.com/locations/waterford/%3Futm_source%3Dgoogle%26utm_medium%3Dorganic%26utm_campaign%3Dgbp_avelure_waterford""], ""hubspot"": [""https://aveluremedspa.com/locations/waterford/%3Futm_source%3Dgoogle%26utm_medium%3Dorganic%26utm_campaign%3Dgbp_avelure_waterford""]}]",[],"{""address"": null, ""address2"": null, ""city"": ""Orlando"", ""country"": null, ""createdate"": ""2026-09-12T22:51:14.462Z"", ""domain"": ""aveluremedspa.com"", ""hs_additional_domains"": null, ""hs_lastmodifieddate"": ""2026-09-12T22:51:29.870Z"", ""hs_object_id"": ""346299463355"", ""name"": ""Avelure Med Spa - Waterford"", ""phone"": ""+1 407-410-4168"", ""state"": null, ""website"": ""https://aveluremedspa.com/locations/waterford/%3Futm_source%3Dgoogle%26utm_medium%3Dorganic%26utm_campaign%3Dgbp_avelure_waterford"", ""zip"": null}"
L0000370,346299462390,Envy Hair Designs,False,95,domain_phone_name,1.0,"[{""code"": ""EXACT_NAME"", ""field"": ""name"", ""prospect"": ""envy hair designs"", ""hubspot"": ""envy hair designs""}, {""code"": ""EXACT_BUSINESS_DOMAIN"", ""field"": ""domain"", ""prospect"": [""envyhairdesigns.com""], ""hubspot"": [""envyhairdesigns.com""]}, {""code"": ""EXACT_PHONE"", ""field"": ""phone"", ""prospect"": ""+14076923233"", ""hubspot"": ""+14076923233""}]",[],"{""address"": null, ""address2"": null, ""city"": ""Orlando"", ""country"": null, ""createdate"": ""2026-09-12T22:50:47.807Z"", ""domain"": ""envyhairdesigns.com"", ""hs_additional_domains"": null, ""hs_lastmodifieddate"": ""2026-09-12T22:51:04.469Z"", ""hs_object_id"": ""346299462390"", ""name"": ""Envy Hair Designs"", ""phone"": ""+1 407-692-3233"", ""state"": null, ""website"": ""http://www.envyhairdesigns.com/"", ""zip"": null}"
L0000372,346431684312,Capricci Ricci Salon,False,95,domain_phone_name,1.0,"[{""code"": ""EXACT_NAME"", ""field"": ""name"", ""prospect"": ""capricci ricci salon"", ""hubspot"": ""capricci ricci salon""}, {""code"": ""EXACT_BUSINESS_DOMAIN"", ""field"": ""domain"", ""prospect"": [""capricci-ricci.com"", ""na0.meevo.com""], ""hubspot"": [""capricci-ricci.com""]}, {""code"": ""EXACT_PHONE"", ""field"": ""phone"", ""prospect"": ""+14075999493"", ""hubspot"": ""+14075999493""}]",[],"{""address"": null, ""address2"": null, ""city"": ""Orlando"", ""country"": null, ""createdate"": ""2026-09-12T22:51:06.366Z"", ""domain"": ""capricci-ricci.com"", ""hs_additional_domains"": null, ""hs_lastmodifieddate"": ""2026-09-12T22:51:24.474Z"", ""hs_object_id"": ""346431684312"", ""name"": ""Capricci Ricci Salon"", ""phone"": ""+1 407-599-9493"", ""state"": null, ""website"": ""http://www.capricci-ricci.com/"", ""zip"": null}"
L0000378,346376133312,Clip & Cut Salon,False,95,domain_phone_name,1.0,"[{""code"": ""EXACT_NAME"", ""field"": ""name"", ""prospect"": ""clip cut salon"", ""hubspot"": ""clip cut salon""}, {""code"": ""EXACT_BUSINESS_DOMAIN"", ""field"": ""domain"", ""prospect"": [""clipncutsalon.com"", ""getsquire.com""], ""hubspot"": [""clipncutsalon.com""]}, {""code"": ""EXACT_PHONE"", ""field"": ""phone"", ""prospect"": ""+14072954155"", ""hubspot"": ""+14072954155""}]",[],"{""address"": null, ""address2"": null, ""city"": ""Orlando"", ""country"": null, ""createdate"": ""2026-09-12T22:50:10.121Z"", ""domain"": ""clipncutsalon.com"", ""hs_additional_domains"": null, ""hs_lastmodifieddate"": ""2026-09-12T22:50:15.025Z"", ""hs_object_id"": ""346376133312"", ""name"": ""Clip & Cut Salon"", ""phone"": ""+1 407-295-4155"", ""state"": null, ""website"": ""https://clipncutsalon.com/"", ""zip"": null}"
L0000389,346447478509,Classic Beauty Weaves Sew-Ins & Braids,False,55,phone_only,1.0,"[{""code"": ""EXACT_NAME"", ""field"": ""name"", ""prospect"": ""classic beauty weaves sew ins braids"", ""hubspot"": ""classic beauty weaves sew ins braids""}, {""code"": ""EXACT_PHONE"", ""field"": ""phone"", ""prospect"": ""+14079146077"", ""hubspot"": ""+14079146077""}]",[],"{""address"": null, ""address2"": null, ""city"": null, ""country"": null, ""createdate"": ""2026-09-12T22:54:22.187Z"", ""domain"": null, ""hs_additional_domains"": null, ""hs_lastmodifieddate"": ""2026-09-12T22:54:25.569Z"", ""hs_object_id"": ""346447478509"", ""name"": ""Classic Beauty Weaves Sew-Ins & Braids"", ""phone"": ""407-914-6077"", ""state"": null, ""website"": null, ""zip"": null}"
L0000397,346406574779,Shaggy Locks,False,55,phone_only,1.0,"[{""code"": ""EXACT_NAME"", ""field"": ""name"", ""prospect"": ""shaggy locks"", ""hubspot"": ""shaggy locks""}, {""code"": ""EXACT_PHONE"", ""field"": ""phone"", ""prospect"": ""+14079678596"", ""hubspot"": ""+14079678596""}]",[],"{""address"": null, ""address2"": null, ""city"": ""Orlando"", ""country"": null, ""createdate"": ""2026-09-12T22:51:14.012Z"", ""domain"": ""sites.google.com"", ""hs_additional_domains"": null, ""hs_lastmodifieddate"": ""2026-09-12T22:51:29.693Z"", ""hs_object_id"": ""346406574779"", ""name"": ""Shaggy Locks"", ""phone"": ""+1 407-967-8596"", ""state"": null, ""website"": ""https://sites.google.com/view/shaggy-locs/home?authuser=0"", ""zip"": null}"
L0000398,346376133328,Natural Hair Wigs & Weaves Salon - Maitland,False,95,domain_phone_name,1.0,"[{""code"": ""EXACT_NAME"", ""field"": ""name"", ""prospect"": ""natural hair wigs weaves salon maitland"", ""hubspot"": ""natural hair wigs weaves salon maitland""}, {""code"": ""EXACT_BUSINESS_DOMAIN"", ""field"": ""domain"", ""prospect"": [""naturalhairwigssalon.com"", ""vagaro.com""], ""hubspot"": [""naturalhairwigssalon.com""]}, {""code"": ""EXACT_PHONE"", ""field"": ""phone"", ""prospect"": ""+14049937080"", ""hubspot"": ""+14049937080""}]",[],"{""address"": null, ""address2"": null, ""city"": ""Maitland"", ""country"": null, ""createdate"": ""2026-09-12T22:51:06.960Z"", ""domain"": ""naturalhairwigssalon.com"", ""hs_additional_domains"": null, ""hs_lastmodifieddate"": ""2026-09-12T22:51:25.044Z"", ""hs_object_id"": ""346376133328"", ""name"": ""Natural Hair Wigs & Weaves Salon - Maitland"", ""phone"": ""+1 404-993-7080"", ""state"": null, ""website"": ""http://naturalhairwigssalon.com/"", ""zip"": null}"
L0000407,346292388564,Patty Serna Hair Salon,False,55,shared_identifier,1.0,"[{""code"": ""EXACT_NAME"", ""field"": ""name"", ""prospect"": ""patty serna hair salon"", ""hubspot"": ""patty serna hair salon""}, {""code"": ""SHARED_DOMAIN"", ""field"": ""domain"", ""prospect"": [""instagram.com""], ""hubspot"": [""instagram.com""]}, {""code"": ""EXACT_PHONE"", ""field"": ""phone"", ""prospect"": ""+14073047654"", ""hubspot"": ""+14073047654""}, {""code"": ""SAME_URL_PATH"", ""field"": ""website"", ""prospect"": [""https://instagram.com/pattysernabeautysalon""], ""hubspot"": [""https://instagram.com/pattysernabeautysalon""]}]",[],"{""address"": null, ""address2"": null, ""city"": ""Altamonte Springs"", ""country"": null, ""createdate"": ""2026-09-12T22:50:09.550Z"", ""domain"": ""instagram.com"", ""hs_additional_domains"": null, ""hs_lastmodifieddate"": ""2026-09-12T22:50:15.027Z"", ""hs_object_id"": ""346292388564"", ""name"": ""Patty Serna Hair Salon"", ""phone"": ""+1 407-304-7654"", ""state"": null, ""website"": ""https://www.instagram.com/pattysernabeautysalon/"", ""zip"": null}"
L0000407,342025333453,Instagram,False,0,NO_CREDIBLE_MATCH,0.1935,"[{""code"": ""SHARED_DOMAIN"", ""field"": ""domain"", ""prospect"": [""instagram.com""], ""hubspot"": [""instagram.com""]}]",[],"{""address"": null, ""address2"": null, ""city"": null, ""country"": null, ""createdate"": ""2026-08-25T19:09:21.578Z"", ""domain"": ""instagram.com"", ""hs_additional_domains"": null, ""hs_lastmodifieddate"": ""2026-09-01T12:05:10.100Z"", ""hs_object_id"": ""342025333453"", ""name"": ""Instagram"", ""phone"": null, ""state"": null, ""website"": ""instagram.com"", ""zip"": null}"
L0000407,346264440506,Edro's Salon,False,0,NO_CREDIBLE_MATCH,0.4706,"[{""code"": ""SHARED_DOMAIN"", ""field"": ""domain"", ""prospect"": [""instagram.com""], ""hubspot"": [""instagram.com""]}, {""code"": ""PHONE_DIFFERS"", ""field"": ""phone"", ""prospect"": ""+14073047654"", ""hubspot"": ""+14073512413""}]","[""POSSIBLE_RELATED_LOCATION""]","{""address"": null, ""address2"": null, ""city"": ""Orlando"", ""country"": null, ""createdate"": ""2026-09-12T22:50:39.418Z"", ""domain"": ""instagram.com"", ""hs_additional_domains"": null, ""hs_lastmodifieddate"": ""2026-09-12T22:50:55.877Z"", ""hs_object_id"": ""346264440506"", ""name"": ""Edro's Salon"", ""phone"": ""+1 407-351-2413"", ""state"": null, ""website"": ""http://instagram.com/edros.salon"", ""zip"": null}"
L0000407,346299462385,Hair Galleria,False,0,NO_CREDIBLE_MATCH,0.4,"[{""code"": ""SHARED_DOMAIN"", ""field"": ""domain"", ""prospect"": [""instagram.com""], ""hubspot"": [""instagram.com""]}, {""code"": ""PHONE_DIFFERS"", ""field"": ""phone"", ""prospect"": ""+14073047654"", ""hubspot"": ""+14072370319""}]","[""POSSIBLE_RELATED_LOCATION""]","{""address"": null, ""address2"": null, ""city"": ""Orlando"", ""country"": null, ""createdate"": ""2026-09-12T22:50:22.154Z"", ""domain"": ""instagram.com"", ""hs_additional_domains"": null, ""hs_lastmodifieddate"": ""2026-09-12T22:50:25.314Z"", ""hs_object_id"": ""346299462385"", ""name"": ""Hair Galleria"", ""phone"": ""+1 407-237-0319"", ""state"": null, ""website"": ""https://www.instagram.com/hairgalleria_orlando/"", ""zip"": null}"
L0000407,346433476320,444 Barber Studios,False,0,NO_CREDIBLE_MATCH,0.3,"[{""code"": ""SHARED_DOMAIN"", ""field"": ""domain"", ""prospect"": [""instagram.com""], ""hubspot"": [""instagram.com""]}, {""code"": ""PHONE_DIFFERS"", ""field"": ""phone"", ""prospect"": ""+14073047654"", ""hubspot"": ""+14075428111""}]","[""POSSIBLE_RELATED_LOCATION""]","{""address"": null, ""address2"": null, ""city"": ""Oviedo"", ""country"": null, ""createdate"": ""2026-09-12T22:50:58.173Z"", ""domain"": ""instagram.com"", ""hs_additional_domains"": null, ""hs_lastmodifieddate"": ""2026-09-12T22:51:14.469Z"", ""hs_object_id"": ""346433476320"", ""name"": ""444 Barber Studios"", ""phone"": ""+1 407-542-8111"", ""state"": null, ""website"": ""https://www.instagram.com/444barberstudios%3Figsh%3DMWZsYmg1cXR3emMzag%253D%253D%26utm_source%3Dqr"", ""zip"": null}"
L0000408,346447478458,Hair Salon Daniela,False,95,domain_phone_name,1.0,"[{""code"": ""EXACT_NAME"", ""field"": ""name"", ""prospect"": ""hair salon daniela"", ""hubspot"": ""hair salon daniela""}, {""code"": ""EXACT_BUSINESS_DOMAIN"", ""field"": ""domain"", ""prospect"": [""hairsalondaniela.com"", ""login.meevo.com""], ""hubspot"": [""hairsalondaniela.com""]}, {""code"": ""EXACT_PHONE"", ""field"": ""phone"", ""prospect"": ""+14079604458"", ""hubspot"": ""+14079604458""}]",[],"{""address"": null, ""address2"": null, ""city"": ""Altamonte Springs"", ""country"": null, ""createdate"": ""2026-09-12T22:50:38.084Z"", ""domain"": ""hairsalondaniela.com"", ""hs_additional_domains"": null, ""hs_lastmodifieddate"": ""2026-09-12T22:50:56.158Z"", ""hs_object_id"": ""346447478458"", ""name"": ""Hair Salon Daniela"", ""phone"": ""+1 407-960-4458"", ""state"": null, ""website"": ""http://www.hairsalondaniela.com/"", ""zip"": null}"
L0000416,342025333453,Instagram,False,0,NO_CREDIBLE_MATCH,0.24,"[{""code"": ""SHARED_DOMAIN"", ""field"": ""domain"", ""prospect"": [""book.mysalononline.com"", ""instagram.com""], ""hubspot"": [""instagram.com""]}]",[],"{""address"": null, ""address2"": null, ""city"": null, ""country"": null, ""createdate"": ""2026-08-25T19:09:21.578Z"", ""domain"": ""instagram.com"", ""hs_additional_domains"": null, ""hs_lastmodifieddate"": ""2026-09-01T12:05:10.100Z"", ""hs_object_id"": ""342025333453"", ""name"": ""Instagram"", ""phone"": null, ""state"": null, ""website"": ""instagram.com"", ""zip"": null}"
L0000416,346264440506,Edro's Salon,False,0,NO_CREDIBLE_MATCH,0.6429,"[{""code"": ""SHARED_DOMAIN"", ""field"": ""domain"", ""prospect"": [""book.mysalononline.com"", ""instagram.com""], ""hubspot"": [""instagram.com""]}, {""code"": ""PHONE_DIFFERS"", ""field"": ""phone"", ""prospect"": ""+14076372694"", ""hubspot"": ""+14073512413""}]","[""POSSIBLE_RELATED_LOCATION""]","{""address"": null, ""address2"": null, ""city"": ""Orlando"", ""country"": null, ""createdate"": ""2026-09-12T22:50:39.418Z"", ""domain"": ""instagram.com"", ""hs_additional_domains"": null, ""hs_lastmodifieddate"": ""2026-09-12T22:50:55.877Z"", ""hs_object_id"": ""346264440506"", ""name"": ""Edro's Salon"", ""phone"": ""+1 407-351-2413"", ""state"": null, ""website"": ""http://instagram.com/edros.salon"", ""zip"": null}"
L0000416,346292388564,Patty Serna Hair Salon,False,0,NO_CREDIBLE_MATCH,0.4737,"[{""code"": ""SHARED_DOMAIN"", ""field"": ""domain"", ""prospect"": [""book.mysalononline.com"", ""instagram.com""], ""hubspot"": [""instagram.com""]}, {""code"": ""PHONE_DIFFERS"", ""field"": ""phone"", ""prospect"": ""+14076372694"", ""hubspot"": ""+14073047654""}]","[""POSSIBLE_RELATED_LOCATION""]","{""address"": null, ""address2"": null, ""city"": ""Altamonte Springs"", ""country"": null, ""createdate"": ""2026-09-12T22:50:09.550Z"", ""domain"": ""instagram.com"", ""hs_additional_domains"": null, ""hs_lastmodifieddate"": ""2026-09-12T22:50:15.027Z"", ""hs_object_id"": ""346292388564"", ""name"": ""Patty Serna Hair Salon"", ""phone"": ""+1 407-304-7654"", ""state"": null, ""website"": ""https://www.instagram.com/pattysernabeautysalon/"", ""zip"": null}"
L0000416,346299462385,Hair Galleria,False,0,NO_CREDIBLE_MATCH,0.3448,"[{""code"": ""SHARED_DOMAIN"", ""field"": ""domain"", ""prospect"": [""book.mysalononline.com"", ""instagram.com""], ""hubspot"": [""instagram.com""]}, {""code"": ""PHONE_DIFFERS"", ""field"": ""phone"", ""prospect"": ""+14076372694"", ""hubspot"": ""+14072370319""}]","[""POSSIBLE_RELATED_LOCATION""]","{""address"": null, ""address2"": null, ""city"": ""Orlando"", ""country"": null, ""createdate"": ""2026-09-12T22:50:22.154Z"", ""domain"": ""instagram.com"", ""hs_additional_domains"": null, ""hs_lastmodifieddate"": ""2026-09-12T22:50:25.314Z"", ""hs_object_id"": ""346299462385"", ""name"": ""Hair Galleria"", ""phone"": ""+1 407-237-0319"", ""state"": null, ""website"": ""https://www.instagram.com/hairgalleria_orlando/"", ""zip"": null}"
L0000416,346433476320,444 Barber Studios,False,0,NO_CREDIBLE_MATCH,0.4118,"[{""code"": ""SHARED_DOMAIN"", ""field"": ""domain"", ""prospect"": [""book.mysalononline.com"", ""instagram.com""], ""hubspot"": [""instagram.com""]}, {""code"": ""PHONE_DIFFERS"", ""field"": ""phone"", ""prospect"": ""+14076372694"", ""hubspot"": ""+14075428111""}]","[""POSSIBLE_RELATED_LOCATION""]","{""address"": null, ""address2"": null, ""city"": ""Oviedo"", ""country"": null, ""createdate"": ""2026-09-12T22:50:58.173Z"", ""domain"": ""instagram.com"", ""hs_additional_domains"": null, ""hs_lastmodifieddate"": ""2026-09-12T22:51:14.469Z"", ""hs_object_id"": ""346433476320"", ""name"": ""444 Barber Studios"", ""phone"": ""+1 407-542-8111"", ""state"": null, ""website"": ""https://www.instagram.com/444barberstudios%3Figsh%3DMWZsYmg1cXR3emMzag%253D%253D%26utm_source%3Dqr"", ""zip"": null}"
L0000425,346447477493,Good Vibes Barbershop,False,95,domain_phone_name,1.0,"[{""code"": ""EXACT_NAME"", ""field"": ""name"", ""prospect"": ""good vibes barbershop"", ""hubspot"": ""good vibes barbershop""}, {""code"": ""EXACT_BUSINESS_DOMAIN"", ""field"": ""domain"", ""prospect"": [""goodvibesbabershop.com""], ""hubspot"": [""goodvibesbabershop.com""]}, {""code"": ""EXACT_PHONE"", ""field"": ""phone"", ""prospect"": ""+13218309228"", ""hubspot"": ""+13218309228""}]",[],"{""address"": null, ""address2"": null, ""city"": ""Altamonte Springs"", ""country"": null, ""createdate"": ""2026-09-12T22:50:11.246Z"", ""domain"": ""goodvibesbabershop.com"", ""hs_additional_domains"": null, ""hs_lastmodifieddate"": ""2026-09-12T22:50:14.913Z"", ""hs_object_id"": ""346447477493"", ""name"": ""Good Vibes Barbershop"", ""phone"": ""+1 321-830-9228"", ""state"": null, ""website"": ""https://goodvibesbabershop.com/"", ""zip"": null}"
L0000443,346303052531,Hair In Motion of New York - MetroWest,False,0,NO_CREDIBLE_MATCH,0.2258,"[{""code"": ""SHARED_DOMAIN"", ""field"": ""domain"", ""prospect"": [""fresha.com"", ""samigstudios.com""], ""hubspot"": [""fresha.com""]}, {""code"": ""PHONE_DIFFERS"", ""field"": ""phone"", ""prospect"": ""+13213569213"", ""hubspot"": ""+14077048300""}]","[""POSSIBLE_RELATED_LOCATION""]","{""address"": null, ""address2"": null, ""city"": ""Orlando"", ""country"": null, ""createdate"": ""2026-09-12T22:50:47.523Z"", ""domain"": ""fresha.com"", ""hs_additional_domains"": null, ""hs_lastmodifieddate"": ""2026-09-12T22:51:03.912Z"", ""hs_object_id"": ""346303052531"", ""name"": ""Hair In Motion of New York - MetroWest"", ""phone"": ""+1 407-704-8300"", ""state"": null, ""website"": ""https://www.fresha.com/providers/15354"", ""zip"": null}"
L0000454,346306565847,Muyan Spa Beauty & Scalp Treatment,False,95,domain_phone_name,1.0,"[{""code"": ""EXACT_NAME"", ""field"": ""name"", ""prospect"": ""muyan spa beauty scalp treatment"", ""hubspot"": ""muyan spa beauty scalp treatment""}, {""code"": ""EXACT_BUSINESS_DOMAIN"", ""field"": ""domain"", ""prospect"": [""book.mase.cloud"", ""muyanspa.com""], ""hubspot"": [""muyanspa.com""]}, {""code"": ""EXACT_PHONE"", ""field"": ""phone"", ""prospect"": ""+14075887999"", ""hubspot"": ""+14075887999""}, {""code"": ""SAME_URL_PATH"", ""field"": ""website"", ""prospect"": [""https://muyanspa.com/orlando/home""], ""hubspot"": [""https://muyanspa.com/orlando/home""]}]",[],"{""address"": null, ""address2"": null, ""city"": ""Orlando"", ""country"": null, ""createdate"": ""2026-09-12T22:50:30.646Z"", ""domain"": ""muyanspa.com"", ""hs_additional_domains"": null, ""hs_lastmodifieddate"": ""2026-09-12T22:50:36.884Z"", ""hs_object_id"": ""346306565847"", ""name"": ""Muyan Spa Beauty & Scalp Treatment"", ""phone"": ""+1 407-588-7999"", ""state"": null, ""website"": ""https://www.muyanspa.com/orlando/home"", ""zip"": null}"
L0000460,346447478459,Great Looks Paris Salon & Blow Out Bar,False,95,domain_phone_name,1.0,"[{""code"": ""EXACT_NAME"", ""field"": ""name"", ""prospect"": ""great looks paris salon blow out bar"", ""hubspot"": ""great looks paris salon blow out bar""}, {""code"": ""EXACT_BUSINESS_DOMAIN"", ""field"": ""domain"", ""prospect"": [""greatlooksparis.com""], ""hubspot"": [""greatlooksparis.com""]}, {""code"": ""EXACT_PHONE"", ""field"": ""phone"", ""prospect"": ""+14078518080"", ""hubspot"": ""+14078518080""}]",[],"{""address"": null, ""address2"": null, ""city"": ""Orlando"", ""country"": null, ""createdate"": ""2026-09-12T22:50:39.019Z"", ""domain"": ""greatlooksparis.com"", ""hs_additional_domains"": null, ""hs_lastmodifieddate"": ""2026-09-12T22:50:55.251Z"", ""hs_object_id"": ""346447478459"", ""name"": ""Great Looks Paris Salon & Blow Out Bar"", ""phone"": ""+1 407-851-8080"", ""state"": null, ""website"": ""http://greatlooksparis.com/"", ""zip"": null}"
L0000464,346260793030,"Hair By Alfredo at Salon Lofts, Studio 12, Waterford Lakes Plaza",False,0,NO_CREDIBLE_MATCH,0.1695,"[{""code"": ""SHARED_DOMAIN"", ""field"": ""domain"", ""prospect"": [""app.squareup.com"", ""squareup.com""], ""hubspot"": [""squareup.com""]}, {""code"": ""PHONE_DIFFERS"", ""field"": ""phone"", ""prospect"": ""+14077581659"", ""hubspot"": ""+14074617887""}]",[],"{""address"": null, ""address2"": null, ""city"": ""Orlando"", ""country"": null, ""createdate"": ""2026-09-12T22:51:07.098Z"", ""domain"": ""squareup.com"", ""hs_additional_domains"": null, ""hs_lastmodifieddate"": ""2026-09-12T22:51:23.774Z"", ""hs_object_id"": ""346260793030"", ""name"": ""Hair By Alfredo at Salon Lofts, Studio 12, Waterford Lakes Plaza"", ""phone"": ""+1 407-461-7887"", ""state"": null, ""website"": ""https://squareup.com/appointments/book/3MNFV8Q7HDFCS"", ""zip"": null}"
L0000469,346306565841,Divine Escape Salon & Spa,False,95,domain_phone_name,1.0,"[{""code"": ""EXACT_NAME"", ""field"": ""name"", ""prospect"": ""divine escape salon spa"", ""hubspot"": ""divine escape salon spa""}, {""code"": ""EXACT_BUSINESS_DOMAIN"", ""field"": ""domain"", ""prospect"": [""dominicandivinescapesalon.com"", ""vagaro.com""], ""hubspot"": [""dominicandivinescapesalon.com""]}, {""code"": ""EXACT_PHONE"", ""field"": ""phone"", ""prospect"": ""+14073621643"", ""hubspot"": ""+14073621643""}]",[],"{""address"": null, ""address2"": null, ""city"": ""Orlando"", ""country"": null, ""createdate"": ""2026-09-12T22:50:10.338Z"", ""domain"": ""dominicandivinescapesalon.com"", ""hs_additional_domains"": null, ""hs_lastmodifieddate"": ""2026-09-12T22:50:15.027Z"", ""hs_object_id"": ""346306565841"", ""name"": ""Divine Escape Salon & Spa"", ""phone"": ""+1 407-362-1643"", ""state"": null, ""website"": ""https://dominicandivinescapesalon.com/"", ""zip"": null}"
L0000485,346356522736,Beauty Factory Salon & Spa,False,95,domain_phone_name,1.0,"[{""code"": ""EXACT_NAME"", ""field"": ""name"", ""prospect"": ""beauty factory salon spa"", ""hubspot"": ""beauty factory salon spa""}, {""code"": ""EXACT_BUSINESS_DOMAIN"", ""field"": ""domain"", ""prospect"": [""beautyfactorysalonspa.com"", ""fresha.com""], ""hubspot"": [""beautyfactorysalonspa.com""]}, {""code"": ""EXACT_PHONE"", ""field"": ""phone"", ""prospect"": ""+14077513877"", ""hubspot"": ""+14077513877""}]",[],"{""address"": null, ""address2"": null, ""city"": ""Orlando"", ""country"": null, ""createdate"": ""2026-09-12T22:50:21.559Z"", ""domain"": ""beautyfactorysalonspa.com"", ""hs_additional_domains"": null, ""hs_lastmodifieddate"": ""2026-09-12T22:50:25.322Z"", ""hs_object_id"": ""346356522736"", ""name"": ""Beauty Factory Salon & Spa"", ""phone"": ""+1 407-751-3877"", ""state"": null, ""website"": ""https://beautyfactorysalonspa.com/"", ""zip"": null}"
L0000485,346303052531,Hair In Motion of New York - MetroWest,False,0,NO_CREDIBLE_MATCH,0.2,"[{""code"": ""SHARED_DOMAIN"", ""field"": ""domain"", ""prospect"": [""beautyfactorysalonspa.com"", ""fresha.com""], ""hubspot"": [""fresha.com""]}, {""code"": ""PHONE_DIFFERS"", ""field"": ""phone"", ""prospect"": ""+14077513877"", ""hubspot"": ""+14077048300""}]",[],"{""address"": null, ""address2"": null, ""city"": ""Orlando"", ""country"": null, ""createdate"": ""2026-09-12T22:50:47.523Z"", ""domain"": ""fresha.com"", ""hs_additional_domains"": null, ""hs_lastmodifieddate"": ""2026-09-12T22:51:03.912Z"", ""hs_object_id"": ""346303052531"", ""name"": ""Hair In Motion of New York - MetroWest"", ""phone"": ""+1 407-704-8300"", ""state"": null, ""website"": ""https://www.fresha.com/providers/15354"", ""zip"": null}"
L0000491,346306565859,Elegant Nails,False,95,domain_phone_name,1.0,"[{""code"": ""EXACT_NAME"", ""field"": ""name"", ""prospect"": ""elegant nails"", ""hubspot"": ""elegant nails""}, {""code"": ""EXACT_BUSINESS_DOMAIN"", ""field"": ""domain"", ""prospect"": [""elegantnails.online""], ""hubspot"": [""elegantnails.online""]}, {""code"": ""EXACT_PHONE"", ""field"": ""phone"", ""prospect"": ""+14074770323"", ""hubspot"": ""+14074770323""}]",[],"{""address"": null, ""address2"": null, ""city"": ""Orlando"", ""country"": null, ""createdate"": ""2026-09-12T22:51:07.563Z"", ""domain"": ""elegantnails.online"", ""hs_additional_domains"": null, ""hs_lastmodifieddate"": ""2026-09-12T22:51:24.454Z"", ""hs_object_id"": ""346306565859"", ""name"": ""Elegant Nails"", ""phone"": ""+1 407-477-0323"", ""state"": null, ""website"": ""http://elegantnails.online/"", ""zip"": null}"
L0000496,346322657997,Mosaic Hair Studio & Blowout Bar,False,55,shared_identifier,0.8108,"[{""code"": ""SHARED_DOMAIN"", ""field"": ""domain"", ""prospect"": [""mosaichairstudio.com""], ""hubspot"": [""mosaichairstudio.com""]}, {""code"": ""PHONE_DIFFERS"", ""field"": ""phone"", ""prospect"": ""+13213527386"", ""hubspot"": ""+14078963241""}]",[],"{""address"": null, ""address2"": null, ""city"": ""Orlando"", ""country"": null, ""createdate"": ""2026-09-12T22:50:30.787Z"", ""domain"": ""mosaichairstudio.com"", ""hs_additional_domains"": null, ""hs_lastmodifieddate"": ""2026-09-12T22:50:46.565Z"", ""hs_object_id"": ""346322657997"", ""name"": ""Mosaic Hair Studio & Blowout Bar"", ""phone"": ""+1 407-896-3241"", ""state"": null, ""website"": ""https://mosaichairstudio.com/locations/ivanhoe/%3Futm_source%3DGMB%26utm_medium%3DIvanhoe%26utm_campaign%3DWebsite%26utm_id%3DLocal%2BSEO"", ""zip"": null}"
L0000496,346367196900,Mosaic Hair Studio & Blowout Bar Milk District,False,55,shared_identifier,1.0,"[{""code"": ""EXACT_NAME"", ""field"": ""name"", ""prospect"": ""mosaic hair studio blowout bar milk district"", ""hubspot"": ""mosaic hair studio blowout bar milk district""}, {""code"": ""SHARED_DOMAIN"", ""field"": ""domain"", ""prospect"": [""mosaichairstudio.com""], ""hubspot"": [""mosaichairstudio.com""]}, {""code"": ""EXACT_PHONE"", ""field"": ""phone"", ""prospect"": ""+13213527386"", ""hubspot"": ""+13213527386""}, {""code"": ""SAME_URL_PATH"", ""field"": ""website"", ""prospect"": [""https://mosaichairstudio.com"", ""https://mosaichairstudio.com/locations/milk-district/%3Futm_source%3DGMB%26utm_medium%3DMilk_District%26utm_campaign%3DWebsite%26utm_id%3DLocal%2BSEO""], ""hubspot"": [""https://mosaichairstudio.com"", ""https://mosaichairstudio.com/locations/milk-district/%3Futm_source%3DGMB%26utm_medium%3DMilk_District%26utm_campaign%3DWebsite%26utm_id%3DLocal%2BSEO""]}]",[],"{""address"": null, ""address2"": null, ""city"": ""Orlando"", ""country"": null, ""createdate"": ""2026-09-12T22:50:31.416Z"", ""domain"": ""mosaichairstudio.com"", ""hs_additional_domains"": null, ""hs_lastmodifieddate"": ""2026-09-12T22:50:46.576Z"", ""hs_object_id"": ""346367196900"", ""name"": ""Mosaic Hair Studio & Blowout Bar Milk District"", ""phone"": ""+1 321-352-7386"", ""state"": null, ""website"": ""https://mosaichairstudio.com/locations/milk-district/%3Futm_source%3DGMB%26utm_medium%3DMilk_District%26utm_campaign%3DWebsite%26utm_id%3DLocal%2BSEO"", ""zip"": null}"
